Abbott,Klaus,klaus.abbott,123
Abel,Jens,jens.abel,123
Abele,Simon,simon.abele,123
Abele,Sophie,sophie.abele,123
Acker,Eric,eric.acker,123
Adam,Quentin,quentin.adam,123
Adams,Helga,helga.adams,123
Adams,Nick,nick.adams,123
Adams,Waltraud,waltraud.adams,123
Adkins,Annabell,annabell.adkins,123
Adkins,Kian,kian.adkins,123
Adolf,Eric,eric.adolf,123
Adolf,Jolina,jolina.adolf,123
Adolph,Detlev,detlev.adolph,123
Adolph,Timon,timon.adolph,123
Adrian,Mattis,mattis.adrian,123
Aguilar,Mona,mona.aguilar,123
Aguilar,Ole,ole.aguilar,123
Ahrend,Ina,ina.ahrend,123
Ahrends,Layla,layla.ahrends,123
Ahrendt,Christa,christa.ahrendt,123
Ahrendt,Franziska,franziska.ahrendt,123
Ahrendt,Moritz,moritz.ahrendt,123
Ahrens,Amely,amely.ahrens,123
Ahrens,Paul,paul.ahrens,123
Alber,Gina,gina.alber,123
Albers,Helen,helen.albers,123
Alberts,Benedikt,benedikt.alberts,123
Alexander,Melina,melina.alexander,123
Allen,Anica,anica.allen,123
Allen,Felicitas,felicitas.allen,123
Allen,Waltraut,waltraut.allen,123
Allen,Yannic,yannic.allen,123
Alt,Gudrun,gudrun.alt,123
Alvarado,Kristian,kristian.alvarado,123
Anders,Merle,merle.anders,123
Anderson,Anton,anton.anderson,123
Andres,Jamie,jamie.andres,123
Andrews,Henrik,henrik.andrews,123
Apel,Dario,dario.apel,123
Apel,Patrik,patrik.apel,123
Arge,Harald,harald.arge,123
Arlt,Tara,tara.arlt,123
Arndt,Jakob,jakob.arndt,123
Arndt,Klemens,klemens.arndt,123
Arnold,Christopher,christopher.arnold,123
Atelco,Emelie,emelie.atelco,123
Atkins,Gudrun,gudrun.atkins,123
Atkins,Karolina,karolina.atkins,123
Atkins,Vanessa,vanessa.atkins,123
Auer,Keno,keno.auer,123
Augustin,Luna,luna.augustin,123
Aumann,Mathies,mathies.aumann,123
Aumann,Uwe,uwe.aumann,123
Aust,Torben,torben.aust,123
Axmann,Ida,ida.axmann,123
Axmann,Ivonne,ivonne.axmann,123
Aydin,Ian,ian.aydin,123
Bach,Kimberley,kimberley.bach,123
Bach,Rebecca,rebecca.bach,123
Bacher,Nicole,nicole.bacher,123
Bacher,Niels,niels.bacher,123
Bacher,Paulina,paulina.bacher,123
Bachmaier,Katarina,katarina.bachmaier,123
Bachmeier,Kimberly,kimberly.bachmeier,123
Bachmeier,Kristin,kristin.bachmeier,123
Back,Laurin,laurin.back,123
Back,Magdalena,magdalena.back,123
Backes,Hannah,hannah.backes,123
Bad,Christine,christine.bad,123
Bad,Isabel,isabel.bad,123
Bad,Levin,levin.bad,123
Bade,Fiona,fiona.bade,123
Bade,Kaete,kaete.bade,123
Bader,Fabio,fabio.bader,123
Baechle,Herbert,herbert.baechle,123
Baecker,Madita,madita.baecker,123
Baehr,Sara,sara.baehr,123
Baehr,Sophie,sophie.baehr,123
Bahr,Helena,helena.bahr,123
Bahr,Karoline,karoline.bahr,123
Bahr,Sofia,sofia.bahr,123
Baier,Jessica,jessica.baier,123
Baierl,Annica,annica.baierl,123
Baierl,Christoph,christoph.baierl,123
Baierl,Emely,emely.baierl,123
Bailey,Josephine,josephine.bailey,123
Baker,Maximilian,maximilian.baker,123
Baldauf,Gerhardt,gerhardt.baldauf,123
Baldauf,Juergen,juergen.baldauf,123
Baldwin,Karoline,karoline.baldwin,123
Baldwin,Marco,marco.baldwin,123
Ball,Detlev,detlev.ball,123
Ball,Laila,laila.ball,123
Ballmann,Anika,anika.ballmann,123
Balz,Matti,matti.balz,123
Balzer,Samuel,samuel.balzer,123
Bamberg,Andrea,andrea.bamberg,123
Bamberger,Catarina,catarina.bamberger,123
Baran,Ole,ole.baran,123
Barber,Laurin,laurin.barber,123
Barber,Ulrich,ulrich.barber,123
Barilovic,Isabella,isabella.barilovic,123
Barilovic,Luca,luca.barilovic,123
Barker,Celina,celina.barker,123
Barrett,Isabel,isabel.barrett,123
Barrett,Janis,janis.barrett,123
Barrett,Selina,selina.barrett,123
Bartel,Franz,franz.bartel,123
Bartels,Joschua,joschua.bartels,123
Bartels,Laurenz,laurenz.bartels,123
Bartelt,Kaethe,kaethe.bartelt,123
Barth,Eva,eva.barth,123
Barth,Johanna,johanna.barth,123
Barth,Volker,volker.barth,123
Barthel,Erika,erika.barthel,123
Barthel,Mariella,mariella.barthel,123
Barton,Alexa,alexa.barton,123
Barton,Magnus,magnus.barton,123
Bartsch,Mattis,mattis.bartsch,123
Bass,Christof,christof.bass,123
Bass,Dana,dana.bass,123
Bastian,Berndt,berndt.bastian,123
Bauer,Friedrich,friedrich.bauer,123
Bauer,Marc,marc.bauer,123
Baumann,Stefan,stefan.baumann,123
Baumgaertner,Anika,anika.baumgaertner,123
Baumgaertner,Erich,erich.baumgaertner,123
Baumgaertner,Hannah,hannah.baumgaertner,123
Baumgaertner,Juergen,juergen.baumgaertner,123
Baumgaertner,Rafael,rafael.baumgaertner,123
Baumgaertner,Tristan,tristan.baumgaertner,123
Baumgarten,Danny,danny.baumgarten,123
Baumgarten,Janine,janine.baumgarten,123
Becher,Karsten,karsten.becher,123
Becker,Catrin,catrin.becker,123
Becker,Hendrik,hendrik.becker,123
Becker,Matthies,matthies.becker,123
Beckmann,Justus,justus.beckmann,123
Beere,Nik,nik.beere,123
Beere,Pia,pia.beere,123
Behnke,Patrick,patrick.behnke,123
Behnke,Silvia,silvia.behnke,123
Behrend,Teresa,teresa.behrend,123
Behrendt,Karlotta,karlotta.behrendt,123
Behrendt,Maurice,maurice.behrendt,123
Beier,Hildegard,hildegard.beier,123
Beier,Margarete,margarete.beier,123
Bek,Gerd,gerd.bek,123
Bell,Matthis,matthis.bell,123
Bender,Heidi,heidi.bender,123
Bender,Mathies,mathies.bender,123
Bennett,Anica,anica.bennett,123
Berg,Joshua,joshua.berg,123
Berg,Martina,martina.berg,123
Berg,Walter,walter.berg,123
Berger,Linda,linda.berger,123
Berger,Lyn,lyn.berger,123
Bergmann,Charlotte,charlotte.bergmann,123
Bergmann,Jil,jil.bergmann,123
Bergmann,Kai,kai.bergmann,123
Bernhard,Mike,mike.bernhard,123
Bernhard,Sinah,sinah.bernhard,123
Bernhardt,Alisa,alisa.bernhardt,123
Bernhardt,Daniela,daniela.bernhardt,123
Berry,Bjoern,bjoern.berry,123
Berry,Finja,finja.berry,123
Betz,Ann,ann.betz,123
Beyer,Jonathan,jonathan.beyer,123
Beyer,Selin,selin.beyer,123
Beyer,Vivien,vivien.beyer,123
Beyer,Waltraut,waltraut.beyer,123
Biedermann,Mario,mario.biedermann,123
Biedermann,Mathilda,mathilda.biedermann,123
Biedermann,Merle,merle.biedermann,123
Biedermann,Noah,noah.biedermann,123
Binder,Helena,helena.binder,123
Binder,Karoline,karoline.binder,123
Birnenmost,Britta,britta.birnenmost,123
Birnenmost,Jil,jil.birnenmost,123
Bischof,Horst,horst.bischof,123
Bischoff,Alisa,alisa.bischoff,123
Bischoff,Heike,heike.bischoff,123
Bischoff,Lewin,lewin.bischoff,123
Bischoff,Vincent,vincent.bischoff,123
Bishop,Leonie,leonie.bishop,123
Bittner,Janina,janina.bittner,123
Black,Tomas,tomas.black,123
Blake,Holger,holger.blake,123
Blank,Laila,laila.blank,123
Bock,Rebecca,rebecca.bock,123
Bock,Sara,sara.bock,123
Boehm,Jannick,jannick.boehm,123
Boehm,Julie,julie.boehm,123
Boehme,Laura,laura.boehme,123
Boerner,Quentin,quentin.boerner,123
Boerner,Ursula,ursula.boerner,123
Boes,Andreas,andreas.boes,123
Boes,Heinz,heinz.boes,123
Boesch,Nelli,nelli.boesch,123
Boesch,Stefanie,stefanie.boesch,123
Boesch,Vanessa,vanessa.boesch,123
Boese,Caroline,caroline.boese,123
Boese,Markus,markus.boese,123
Boese,Ronja,ronja.boese,123
Boesl,Ingo,ingo.boesl,123
Boettcher,Britta,britta.boettcher,123
Boettger,Regina,regina.boettger,123
Boettner,Mirko,mirko.boettner,123
Boone,Kira,kira.boone,123
Boos,Justin,justin.boos,123
Borchers,Laura,laura.borchers,123
Borchert,Carin,carin.borchert,123
Borchert,Louisa,louisa.borchert,123
Bormann,Chris,chris.bormann,123
Borst,Brigitte,brigitte.borst,123
Borst,Rike,rike.borst,123
BoschDienst,Ilse,ilse.boschdienst,123
Boss,Werner,werner.boss,123
Bosse,Jan,jan.bosse,123
Bosse,Jason,jason.bosse,123
Bossert,Bennet,bennet.bossert,123
Bott,Carlotta,carlotta.bott,123
Bowen,Kjell,kjell.bowen,123
Bowen,Marike,marike.bowen,123
Bowers,Emilie,emilie.bowers,123
Bowers,Susanne,susanne.bowers,123
Boyd,Nelli,nelli.boyd,123
Boyd,Teresa,teresa.boyd,123
Bracht,Bernhardt,bernhardt.bracht,123
Bracht,Matilda,matilda.bracht,123
Bracht,Sophia,sophia.bracht,123
Bradley,Ingrid,ingrid.bradley,123
Brady,Finn,finn.brady,123
Brady,Janis,janis.brady,123
Brady,Rudolph,rudolph.brady,123
Braendle,Chantall,chantall.braendle,123
Braeuer,Judith,judith.braeuer,123
Braeuer,Leander,leander.braeuer,123
Braeuer,Magnus,magnus.braeuer,123
Brand,Elias,elias.brand,123
Brand,Vivien,vivien.brand,123
Brandenburger,Ian,ian.brandenburger,123
Brandenburger,Sarah,sarah.brandenburger,123
Brandes,Mirco,mirco.brandes,123
Brandner,Alfred,alfred.brandner,123
Brandt,Kerstin,kerstin.brandt,123
Brass,Anastasia,anastasia.brass,123
Brass,Leah,leah.brass,123
Brauer,Catrin,catrin.brauer,123
Brauer,Luc,luc.brauer,123
Brauer,Marieke,marieke.brauer,123
Braun,Analia,analia.braun,123
Braun,Anton,anton.braun,123
Braun,Janin,janin.braun,123
Braun,Larissa,larissa.braun,123
Braun,Lasse,lasse.braun,123
Braun,Lucy,lucy.braun,123
Braune,Adrian,adrian.braune,123
Braune,Anika,anika.braune,123
Braune,Bjarne,bjarne.braune,123
Braune,Dominic,dominic.braune,123
Braune,Nora,nora.braune,123
Brauner,Annica,annica.brauner,123
Brauner,Jonas,jonas.brauner,123
Brecht,Kai,kai.brecht,123
Brecht,Lothar,lothar.brecht,123
Brehm,Tim,tim.brehm,123
Brehmer,Britta,britta.brehmer,123
Brehmer,Catrin,catrin.brehmer,123
Breidenbach,Jenny,jenny.breidenbach,123
Breidenbach,Mohammed,mohammed.breidenbach,123
Breidenbach,Ulrike,ulrike.breidenbach,123
Breit,Emil,emil.breit,123
Breitenbach,Dagmar,dagmar.breitenbach,123
Breitenbach,Jean,jean.breitenbach,123
Breitner,Heiko,heiko.breitner,123
Bremer,Emmely,emmely.bremer,123
Bremer,Karolina,karolina.bremer,123
Brendel,Malte,malte.brendel,123
Brennecke,Mark,mark.brennecke,123
Brenner,Brigitte,brigitte.brenner,123
Brenner,Gert,gert.brenner,123
Bretschneider,Anja,anja.bretschneider,123
Breu,Anastasia,anastasia.breu,123
Breunig,Denise,denise.breunig,123
Breyer,Kristian,kristian.breyer,123
Breyer,Sigrid,sigrid.breyer,123
Bridges,Tabea,tabea.bridges,123
Brigitte,Benedikt,benedikt.brigitte,123
Brigitte,Miguel,miguel.brigitte,123
Brink,Otto,otto.brink,123
Brink,Sascha,sascha.brink,123
Brink,Waltraut,waltraut.brink,123
Brinker,Markus,markus.brinker,123
Brinkmann,Janine,janine.brinkmann,123
Brinkmann,Jessika,jessika.brinkmann,123
Brinkmann,Katrin,katrin.brinkmann,123
Brix,Margarete,margarete.brix,123
Brock,Dominic,dominic.brock,123
Brock,Ida,ida.brock,123
Brockmann,Emmily,emmily.brockmann,123
Brockmann,Sven,sven.brockmann,123
Brodbeck,Diana,diana.brodbeck,123
Brodbeck,Waltraut,waltraut.brodbeck,123
Brooks,Ralph,ralph.brooks,123
Brosch,Bernt,bernt.brosch,123
Brosch,Dario,dario.brosch,123
Brose,Christopher,christopher.brose,123
Bross,Bennett,bennett.bross,123
Bross,Felicitas,felicitas.bross,123
Bruch,Ali,ali.bruch,123
Brucker,Christin,christin.brucker,123
Brucker,Magdalena,magdalena.brucker,123
Brucker,Torben,torben.brucker,123
Bruckner,Franz,franz.bruckner,123
Bruckner,Kerstin,kerstin.bruckner,123
Bruckner,Lena,lena.bruckner,123
Brueck,Pascal,pascal.brueck,123
Brueckmann,Astrid,astrid.brueckmann,123
Brueckmann,Bennett,bennett.brueckmann,123
Brueckmann,Leandra,leandra.brueckmann,123
Brueggemann,Antje,antje.brueggemann,123
Brunner,Janina,janina.brunner,123
Brunner,Miriam,miriam.brunner,123
Bruns,André,andre.bruns,123
Bruns,Xenia,xenia.bruns,123
Brutto,Alfred,alfred.brutto,123
Brutto,Christine,christine.brutto,123
Brutto,Ian,ian.brutto,123
Bryan,Joel,joel.bryan,123
Buchanan,Katrin,katrin.buchanan,123
Bucher,Kaya,kaya.bucher,123
Buchholz,Sascha,sascha.buchholz,123
Buchner,Justin,justin.buchner,123
Buchner,Ruben,ruben.buchner,123
Buck,Angelika,angelika.buck,123
Buck,Céline,celine.buck,123
Buck,Lilli,lilli.buck,123
Buck,Marius,marius.buck,123
Budde,Jens,jens.budde,123
Budde,Sigrid,sigrid.budde,123
Buechner,Jill,jill.buechner,123
Buechner,Matilda,matilda.buechner,123
Buehler,Arthur,arthur.buehler,123
Buehler,Karoline,karoline.buehler,123
Buehler,Matthies,matthies.buehler,123
Buerger,Ali,ali.buerger,123
Buesch,Yannic,yannic.buesch,123
Buescher,Chiara,chiara.buescher,123
Buescher,Jannik,jannik.buescher,123
Buettner,Jonah,jonah.buettner,123
Buettner,Mohammed,mohammed.buettner,123
Buettner,Willi,willi.buettner,123
Burgess,Bjarne,bjarne.burgess,123
Burgess,Tim,tim.burgess,123
Burghardt,Alfred,alfred.burghardt,123
Burke,Maike,maike.burke,123
Burke,Marion,marion.burke,123
Burke,Marius,marius.burke,123
Burkhard,Bettina,bettina.burkhard,123
Burns,Patrik,patrik.burns,123
Busche,Arne,arne.busche,123
Busche,Chantale,chantale.busche,123
Buss,Lilian,lilian.buss,123
Busse,Melanie,melanie.busse,123
Butler,Caja,caja.butler,123
Byrd,Lewin,lewin.byrd,123
Cain,Jacob,jacob.cain,123
Caldwell,Nicolas,nicolas.caldwell,123
Campbell,Smilla,smilla.campbell,123
Can,Thorben,thorben.can,123
Cao,Emilia,emilia.cao,123
Cao,Fiona,fiona.cao,123
Carl,Kay,kay.carl,123
Carl,Niclas,niclas.carl,123
Carlson,Cedric,cedric.carlson,123
Carlson,Inge,inge.carlson,123
Carlson,Sarah,sarah.carlson,123
Carmen,Carlotta,carlotta.carmen,123
Carmen,Marten,marten.carmen,123
Carr,Friederike,friederike.carr,123
Carsten,Maik,maik.carsten,123
Caspari,Mario,mario.caspari,123
Casper,Jutta,jutta.casper,123
Castillo,Katja,katja.castillo,123
Chambers,Aylin,aylin.chambers,123
Chandler,Gerda,gerda.chandler,123
Chandler,Ida,ida.chandler,123
Chandler,Marike,marike.chandler,123
Chapman,Raphael,raphael.chapman,123
Chapman,Tomas,tomas.chapman,123
Chavez,Chantale,chantale.chavez,123
Christensen,Magnus,magnus.christensen,123
Christian,Connor,connor.christian,123
Clark,Heike,heike.clark,123
Clark,Ingeborg,ingeborg.clark,123
Clarke,Ben,ben.clarke,123
Classen,Lina,lina.classen,123
Claus,Mario,mario.claus,123
Clayton,Leandro,leandro.clayton,123
Clayton,Manuela,manuela.clayton,123
Clemens,Michelle,michelle.clemens,123
Cobb,Thore,thore.cobb,123
Cobb,Volker,volker.cobb,123
Cohen,Hannah,hannah.cohen,123
Cohen,Uwe,uwe.cohen,123
Cole,Gerd,gerd.cole,123
Cole,Sam,sam.cole,123
Coleman,Constantin,constantin.coleman,123
Coleman,Frank,frank.coleman,123
Coleman,Mia,mia.coleman,123
Collier,Cornelia,cornelia.collier,123
Collins,Antje,antje.collins,123
Collins,Emma,emma.collins,123
Collins,Michelle,michelle.collins,123
Conner,Adrian,adrian.conner,123
Cook,Lene,lene.cook,123
Cooper,Gabriele,gabriele.cooper,123
Cortez,Jasper,jasper.cortez,123
Cramer,Vanessa,vanessa.cramer,123
Crawford,Barbara,barbara.crawford,123
Cremer,Sophie,sophie.cremer,123
Cross,Jennifer,jennifer.cross,123
Cross,Karin,karin.cross,123
Cruz,Miguel,miguel.cruz,123
Cummings,Karoline,karoline.cummings,123
Cunningham,Natalie,natalie.cunningham,123
Curry,Monika,monika.curry,123
Curtis,Herta,herta.curtis,123
Dachser,Frederic,frederic.dachser,123
Dachser,Malte,malte.dachser,123
Dahlke,Mattis,mattis.dahlke,123
Dahm,Enrico,enrico.dahm,123
Dahm,Ronja,ronja.dahm,123
Dahms,Diana,diana.dahms,123
Dahms,Leif,leif.dahms,123
Damm,Dustin,dustin.damm,123
Damm,Rolf,rolf.damm,123
Dammann,Pauline,pauline.dammann,123
Daniel,Janine,janine.daniel,123
Daniel,Tom,tom.daniel,123
Dannenberg,Leah,leah.dannenberg,123
Dannenberg,Sophia,sophia.dannenberg,123
Daum,Jonathan,jonathan.daum,123
David,Mina,mina.david,123
Davis,Constantin,constantin.davis,123
Dean,Kjell,kjell.dean,123
Decker,Karlo,karlo.decker,123
Deckert,Bernt,bernt.deckert,123
Degen,Marko,marko.degen,123
Degen,Tobias,tobias.degen,123
Degner,Friederike,friederike.degner,123
Dehmel,Emre,emre.dehmel,123
Dehmel,Helen,helen.dehmel,123
Dehmel,Horst,horst.dehmel,123
Dehn,Anastasia,anastasia.dehn,123
Dehn,Lennard,lennard.dehn,123
Dehne,Carsten,carsten.dehne,123
Dehne,Ulrike,ulrike.dehne,123
Deininger,Marco,marco.deininger,123
Deininger,Yvonne,yvonne.deininger,123
Dekan,Martina,martina.dekan,123
Demel,Carin,carin.demel,123
Demir,Erik,erik.demir,123
Demir,Jean,jean.demir,123
Demir,Leonard,leonard.demir,123
Demmel,Clara,clara.demmel,123
Demmer,Ingrid,ingrid.demmer,123
Demmler,Christine,christine.demmler,123
Denecke,Jasmin,jasmin.denecke,123
Denecke,Jeremie,jeremie.denecke,123
Denk,Emely,emely.denk,123
Denk,Jean,jean.denk,123
Denk,Jennifer,jennifer.denk,123
Denk,Klemens,klemens.denk,123
Denker,Marieke,marieke.denker,123
Dennis,Emilia,emilia.dennis,123
Dennis,Jessika,jessika.dennis,123
Dennis,Jette,jette.dennis,123
Denzer,Melina,melina.denzer,123
Deppe,Carla,carla.deppe,123
Deppe,Rudolph,rudolph.deppe,123
Derksen,Bernhard,bernhard.derksen,123
Deutsch,Kathrin,kathrin.deutsch,123
Deutsch,Marie,marie.deutsch,123
Diaz,Alina,alina.diaz,123
Dick,Matilda,matilda.dick,123
Dieckmann,Anne,anne.dieckmann,123
Dieckmann,Irmgart,irmgart.dieckmann,123
Dieckmann,Marvin,marvin.dieckmann,123
Dieckmann,Volker,volker.dieckmann,123
Diehl,Gisela,gisela.diehl,123
Diekmann,Thore,thore.diekmann,123
Dietrich,Karsten,karsten.dietrich,123
Dietz,Anton,anton.dietz,123
Dittmann,Norbert,norbert.dittmann,123
Doll,Carolin,carolin.doll,123
Doll,Lotta,lotta.doll,123
Dopler,Can,can.dopler,123
Dopler,Christine,christine.dopler,123
Dopler,Dirk,dirk.dopler,123
Doppelpunkt,Danny,danny.doppelpunkt,123
Dorn,Yvonne,yvonne.dorn,123
Douglas,Anabel,anabel.douglas,123
Douglas,Bennet,bennet.douglas,123
Douglas,Ole,ole.douglas,123
Douglas,Sophia,sophia.douglas,123
Drechsler,Joana,joana.drechsler,123
Drechsler,Lieselotte,lieselotte.drechsler,123
Drescher,Zoe,zoe.drescher,123
Drews,Laurin,laurin.drews,123
Drews,Louisa,louisa.drews,123
Dreyer,Karla,karla.dreyer,123
Dreyer,Yannic,yannic.dreyer,123
Duerr,Claudia,claudia.duerr,123
Duerr,Helga,helga.duerr,123
Duerr,Maurice,maurice.duerr,123
Durchstechen,Alfred,alfred.durchstechen,123
Ebel,Frieda,frieda.ebel,123
Ebeling,Karin,karin.ebeling,123
Ebeling,Stephan,stephan.ebeling,123
Eberhard,Kerstin,kerstin.eberhard,123
Eberhard,Kjell,kjell.eberhard,123
Eberhard,Maike,maike.eberhard,123
Eberl,Svea,svea.eberl,123
Eberle,Sven,sven.eberle,123
Eberspaecher,Jakob,jakob.eberspaecher,123
Ebert,Anica,anica.ebert,123
Ebinger,Justin,justin.ebinger,123
Eckard,Emilia,emilia.eckard,123
Eckard,Renate,renate.eckard,123
Eckard,Sofie,sofie.eckard,123
Eckard,Yasmin,yasmin.eckard,123
Eckardt,Bernt,bernt.eckardt,123
Eckardt,Stefan,stefan.eckardt,123
Eckart,Hannah,hannah.eckart,123
Eckart,Jamie,jamie.eckart,123
Ecker,Collin,collin.ecker,123
Ecker,Holger,holger.ecker,123
Eckerstein,Fritz,fritz.eckerstein,123
Eckert,Beate,beate.eckert,123
Eckhard,Danny,danny.eckhard,123
Eckhard,Dilara,dilara.eckhard,123
Eckhard,Viktor,viktor.eckhard,123
Eckl,Marianne,marianne.eckl,123
Eckstein,Fritz,fritz.eckstein,123
Eckstein,Klaas,klaas.eckstein,123
Edel,Rebekka,rebekka.edel,123
Eden,Bernhard,bernhard.eden,123
Eden,Guenter,guenter.eden,123
Eder,Hanna,hanna.eder,123
Edinger,Torsten,torsten.edinger,123
Edler,Catharina,catharina.edler,123
Edler,Lina,lina.edler,123
Edler,Luka,luka.edler,123
Egner,Jamie,jamie.egner,123
Ehlers,Florian,florian.ehlers,123
Ehlert,Anabel,anabel.ehlert,123
Ehlert,Jasper,jasper.ehlert,123
Ehrhardt,Celine,celine.ehrhardt,123
Ehrlich,Bernd,bernd.ehrlich,123
Ehrlich,Claudia,claudia.ehrlich,123
Ehrlich,Liam,liam.ehrlich,123
Ehrlich,Marcus,marcus.ehrlich,123
Ehrlich,Sandra,sandra.ehrlich,123
Ehrlich,Sophia,sophia.ehrlich,123
Ehrmann,Marlies,marlies.ehrmann,123
Ehrmann,Olivia,olivia.ehrmann,123
Eibl,Alissa,alissa.eibl,123
Eibl,Stephanie,stephanie.eibl,123
Eichhorn,Alyssa,alyssa.eichhorn,123
Eichhorn,Ralf,ralf.eichhorn,123
Elliott,Bernt,bernt.elliott,123
Elsner,Juri,juri.elsner,123
Emmerich,Ruediger,ruediger.emmerich,123
Enders,Karin,karin.enders,123
Endres,Julien,julien.endres,123
Engel,Helene,helene.engel,123
Engelhard,Magnus,magnus.engelhard,123
Engelhardt,Finja,finja.engelhardt,123
Engelhardt,Jannes,jannes.engelhardt,123
Engelhardt,Marlene,marlene.engelhardt,123
Engelhardt,Yvonne,yvonne.engelhardt,123
Engelmann,Sylvia,sylvia.engelmann,123
Engler,Sara,sara.engler,123
Erickson,Joern,joern.erickson,123
Ernst,Aileen,aileen.ernst,123
Ernst,Aylin,aylin.ernst,123
Ernst,Henry,henry.ernst,123
Ernst,Luc,luc.ernst,123
Ernst,Rosemarie,rosemarie.ernst,123
Esser,Janine,janine.esser,123
Euler,Andreas,andreas.euler,123
Euler,Marta,marta.euler,123
Euler,Werner,werner.euler,123
Evans,Leander,leander.evans,123
Ewald,Smilla,smilla.ewald,123
Ewald,Willy,willy.ewald,123
Exner,Niels,niels.exner,123
Exner,Ulrike,ulrike.exner,123
Faerber,Karlo,karlo.faerber,123
Faerber,Lyn,lyn.faerber,123
Fahl,Conner,conner.fahl,123
Fahl,Daniela,daniela.fahl,123
Fahl,Doris,doris.fahl,123
Fahl,Irmgard,irmgard.fahl,123
Fahl,Meike,meike.fahl,123
Fahr,Aleyna,aleyna.fahr,123
Fahr,Lina,lina.fahr,123
Falk,Hartmut,hartmut.falk,123
Falk,Karl,karl.falk,123
Falk,Leonardo,leonardo.falk,123
Falke,Ricardo,ricardo.falke,123
Falkenberg,Filip,filip.falkenberg,123
Falkenberg,Irmgart,irmgart.falkenberg,123
Falter,Jana,jana.falter,123
Farmer,Carl,carl.farmer,123
Fascher,Martina,martina.fascher,123
Fassbender,Jaqueline,jaqueline.fassbender,123
Fassbender,Liv,liv.fassbender,123
Fast,Ronja,ronja.fast,123
Faulhaber,Maxim,maxim.faulhaber,123
Faulhaber,Samantha,samantha.faulhaber,123
Fauser,Aaron,aaron.fauser,123
Fauser,Colin,colin.fauser,123
Fauser,Judith,judith.fauser,123
Fauser,Louis,louis.fauser,123
Faust,Jacob,jacob.faust,123
Faust,Thorsten,thorsten.faust,123
Fechner,Hans,hans.fechner,123
Fehr,Lya,lya.fehr,123
Fehrenbach,Claas,claas.fehrenbach,123
Fehrenbach,Heinrich,heinrich.fehrenbach,123
Feierabend,Paul,paul.feierabend,123
Feiler,Joy,joy.feiler,123
Feist,Maren,maren.feist,123
Felber,Richard,richard.felber,123
Felder,Brigitte,brigitte.felder,123
Feldhaus,Helmuth,helmuth.feldhaus,123
Feldmann,Alexandra,alexandra.feldmann,123
Feldmann,Vincent,vincent.feldmann,123
Fell,Milena,milena.fell,123
Fell,Teresa,teresa.fell,123
Feller,Helmut,helmut.feller,123
Fels,Mark,mark.fels,123
Fels,Niko,niko.fels,123
Felten,Tara,tara.felten,123
Fendt,Fabian,fabian.fendt,123
Fendt,Sabine,sabine.fendt,123
Fenner,Inge,inge.fenner,123
Fenner,Isabel,isabel.fenner,123
Fenske,Christa,christa.fenske,123
Ferstl,Quentin,quentin.ferstl,123
Ferstl,Stefanie,stefanie.ferstl,123
Fett,Mathias,mathias.fett,123
Fett,Werner,werner.fett,123
Fey,Henry,henry.fey,123
Fiedler,Christa,christa.fiedler,123
Fiedler,Melissa,melissa.fiedler,123
Fink,Margot,margot.fink,123
Finke,Claas,claas.finke,123
Finke,Ronja,ronja.finke,123
Fischer,Bjoern,bjoern.fischer,123
Fischer,Martina,martina.fischer,123
Fisher,Horst,horst.fisher,123
Fitzgerald,Juergen,juergen.fitzgerald,123
Fitzgerald,Maria,maria.fitzgerald,123
Fitzgerald,Ruediger,ruediger.fitzgerald,123
Flame,Luk,luk.flame,123
Flame,Mina,mina.flame,123
Fleck,Elke,elke.fleck,123
Fleck,Judith,judith.fleck,123
Fleck,Swen,swen.fleck,123
Fleischer,Emre,emre.fleischer,123
Fleischer,Joachim,joachim.fleischer,123
Fleischmann,Annica,annica.fleischmann,123
Fletcher,Chantal,chantal.fletcher,123
Flores,Jennifer,jennifer.flores,123
Flowers,René,rene.flowers,123
Floyd,Noah,noah.floyd,123
Ford,Ilse,ilse.ford,123
Forster,Rosa,rosa.forster,123
Foster,Hannah,hannah.foster,123
Fox,Leonardo,leonardo.fox,123
Fox,Mandy,mandy.fox,123
Frank,Andrea,andrea.frank,123
Frank,Horst,horst.frank,123
Franke,Nicholas,nicholas.franke,123
Franke,Ulrike,ulrike.franke,123
Franklin,Til,til.franklin,123
Franz,Anastasia,anastasia.franz,123
Franz,Fynn,fynn.franz,123
Freie,Finn,finn.freie,123
French,Marcus,marcus.french,123
Freund,Klara,klara.freund,123
Freund,Torsten,torsten.freund,123
Frey,Britta,britta.frey,123
Frick,Ulrich,ulrich.frick,123
Fricke,Jonas,jonas.fricke,123
Friedrichs,Aileen,aileen.friedrichs,123
Friedrichs,Jule,jule.friedrichs,123
Frisch,Ali,ali.frisch,123
Fritsche,Kjell,kjell.fritsche,123
Fritz,Karla,karla.fritz,123
Fritzsche,Miriam,miriam.fritzsche,123
Froehlich,Felicitas,felicitas.froehlich,123
Froehlich,Marlies,marlies.froehlich,123
Fuchs,Amelie,amelie.fuchs,123
Fuchs,Celina,celina.fuchs,123
Fuchs,Laura,laura.fuchs,123
Fuchs,Monika,monika.fuchs,123
Fuerst,Henry,henry.fuerst,123
Fuerst,Olivia,olivia.fuerst,123
Funk,Frederic,frederic.funk,123
Funk,Jette,jette.funk,123
Gabel,Sam,sam.gabel,123
Gabriel,Hildegard,hildegard.gabriel,123
Gabriel,Mandy,mandy.gabriel,123
Gabriel,Sofie,sofie.gabriel,123
Gaebler,Beate,beate.gaebler,123
Gaebler,Marc,marc.gaebler,123
Gaiser,Stephanie,stephanie.gaiser,123
Gall,Carl,carl.gall,123
Gall,Celine,celine.gall,123
Gallus,Carolin,carolin.gallus,123
Gans,Collin,collin.gans,123
Gans,Oscar,oscar.gans,123
Ganter,Ida,ida.ganter,123
Ganz,Mariella,mariella.ganz,123
Garbe,Hannah,hannah.garbe,123
Garcia,Nick,nick.garcia,123
Gass,Kaja,kaja.gass,123
Gassner,Timo,timo.gassner,123
Gast,Walther,walther.gast,123
Gebauer,Joel,joel.gebauer,123
Gebauer,Lyn,lyn.gebauer,123
Gebel,Samantha,samantha.gebel,123
Gebert,Merle,merle.gebert,123
Gebert,Ruben,ruben.gebert,123
Gebert,Thore,thore.gebert,123
Gebhard,Marike,marike.gebhard,123
Gebhard,Richard,richard.gebhard,123
Gebhardt,Franz,franz.gebhardt,123
Gebhart,Michel,michel.gebhart,123
Gebhart,Rosa,rosa.gebhart,123
Gehlen,Claus,claus.gehlen,123
Gehrig,Alina,alina.gehrig,123
Gehrig,Joern,joern.gehrig,123
Gehring,Kristine,kristine.gehring,123
Gehrke,Jacqueline,jacqueline.gehrke,123
Gehrmann,Pauline,pauline.gehrmann,123
Geier,Annika,annika.geier,123
Geier,Julia,julia.geier,123
Geier,Mattis,mattis.geier,123
Geis,Johann,johann.geis,123
Geiser,Klaus,klaus.geiser,123
Geiss,Karla,karla.geiss,123
Geiss,Marlies,marlies.geiss,123
Geissler,Klemens,klemens.geissler,123
Geissler,Volker,volker.geissler,123
Geist,Alexandra,alexandra.geist,123
Geist,Willi,willi.geist,123
Gellert,Lucie,lucie.gellert,123
Genz,Emre,emre.genz,123
Georg,Laurenz,laurenz.georg,123
Georg,Petra,petra.georg,123
George,Henriette,henriette.george,123
Geppert,Kathrin,kathrin.geppert,123
Geppert,Mirco,mirco.geppert,123
Geppert,Nico,nico.geppert,123
Geppert,Sara,sara.geppert,123
Geppert,Silvia,silvia.geppert,123
Gerber,Fabienne,fabienne.gerber,123
Gerber,Sina,sina.gerber,123
Gerd,Noah,noah.gerd,123
Gerdes,Ingo,ingo.gerdes,123
Gerdes,Julian,julian.gerdes,123
Gerhard,Cedrik,cedrik.gerhard,123
Gericke,Denis,denis.gericke,123
Gering,Yasmin,yasmin.gering,123
Gerken,Carl,carl.gerken,123
Gerken,Nelli,nelli.gerken,123
Gerlach,Kim,kim.gerlach,123
Gerlach,Thomas,thomas.gerlach,123
Gerling,Jil,jil.gerling,123
Gerling,Theo,theo.gerling,123
Germann,Frederik,frederik.germann,123
Germann,Vivien,vivien.germann,123
Gerner,Christel,christel.gerner,123
Gerstner,Maya,maya.gerstner,123
Gerstner,Tara,tara.gerstner,123
Gerth,Lennard,lennard.gerth,123
Gerth,Lisa,lisa.gerth,123
Gerth,Luk,luk.gerth,123
Gessler,Jason,jason.gessler,123
Gesund,Jasmin,jasmin.gesund,123
Gesund,Marlon,marlon.gesund,123
Gesund,Petra,petra.gesund,123
Gesund,Vanessa,vanessa.gesund,123
Geyer,Cedrik,cedrik.geyer,123
Geyer,Leif,leif.geyer,123
Gibbs,Alyssa,alyssa.gibbs,123
Gibson,Janine,janine.gibson,123
Gibson,Jonah,jonah.gibson,123
Giese,Isabel,isabel.giese,123
Gilbert,Fynn,fynn.gilbert,123
Gilbert,Konstantin,konstantin.gilbert,123
Gilbert,Lara,lara.gilbert,123
Gilbert,Linus,linus.gilbert,123
Gilbert,Lynn,lynn.gilbert,123
Girard,Jens,jens.girard,123
Girard,Reiner,reiner.girard,123
Glaeser,Mathias,mathias.glaeser,123
Glaeser,René,rene.glaeser,123
Glaser,Marina,marina.glaser,123
Glocke,Jannis,jannis.glocke,123
Glover,Laura,laura.glover,123
Glueck,Bjoern,bjoern.glueck,123
Goebel,Laura,laura.goebel,123
Goertz,Otto,otto.goertz,123
Gomez,Fabian,fabian.gomez,123
Gomez,Finnja,finnja.gomez,123
Gomez,Marina,marina.gomez,123
Gonzales,Victoria,victoria.gonzales,123
Gonzalez,Gerhard,gerhard.gonzalez,123
Gonzalez,Lyn,lyn.gonzalez,123
Goodman,Luka,luka.goodman,123
Gordon,Manfred,manfred.gordon,123
Gottschalk,Christoph,christoph.gottschalk,123
Gottwald,Ben,ben.gottwald,123
Gottwald,Chris,chris.gottwald,123
Gottwald,Jessica,jessica.gottwald,123
Gottwald,Luka,luka.gottwald,123
Gottwald,Matthias,matthias.gottwald,123
Gottwald,Reinhard,reinhard.gottwald,123
Graef,Renate,renate.graef,123
Graf,Judith,judith.graf,123
Graf,Mathis,mathis.graf,123
Graf,Yannik,yannik.graf,123
Graham,Cedric,cedric.graham,123
Graves,Isabella,isabella.graves,123
Gray,Gerd,gerd.gray,123
Gray,Nadine,nadine.gray,123
Gray,Victoria,victoria.gray,123
Gray,Wolfgang,wolfgang.gray,123
Greene,Conner,conner.greene,123
Greene,Johann,johann.greene,123
Greene,Justin,justin.greene,123
Grieche,Kay,kay.grieche,123
Griffith,Ida,ida.griffith,123
Grimm,Christa,christa.grimm,123
Grimm,Ricardo,ricardo.grimm,123
Gross,Lewin,lewin.gross,123
Grosse,Daniel,daniel.grosse,123
Grosse,Harald,harald.grosse,123
Grosse,Jan,jan.grosse,123
Grossmann,Jana,jana.grossmann,123
Grote,Phillipp,phillipp.grote,123
Groth,Bennett,bennett.groth,123
Grube,Mike,mike.grube,123
Gruenewald,Ulrich,ulrich.gruenewald,123
Guenter,Felix,felix.guenter,123
Guenter,Teresa,teresa.guenter,123
Guerrero,Finnja,finnja.guerrero,123
Guerrero,Gudrun,gudrun.guerrero,123
Guerrero,Jan,jan.guerrero,123
Guerrero,Luisa,luisa.guerrero,123
Guettler,Sabrina,sabrina.guettler,123
Gutierrez,Karlo,karlo.gutierrez,123
Gutierrez,Lene,lene.gutierrez,123
Gutierrez,Maria,maria.gutierrez,123
Gutjahr,Annika,annika.gutjahr,123
Gutsche,Kristina,kristina.gutsche,123
Gutzeit,Chiara,chiara.gutzeit,123
Guzman,Jonah,jonah.guzman,123
Haack,Kira,kira.haack,123
Haack,Sascha,sascha.haack,123
Haak,Colin,colin.haak,123
Haak,Neele,neele.haak,123
Haake,Bernd,bernd.haake,123
Haarmann,Frieda,frieda.haarmann,123
Haas,Leif,leif.haas,123
Haas,Wolfgang,wolfgang.haas,123
Haase,Horst,horst.haase,123
Haase,Robert,robert.haase,123
Habel,Dustin,dustin.habel,123
Haberl,Kimberley,kimberley.haberl,123
Haberland,Carin,carin.haberland,123
Haberland,Isabelle,isabelle.haberland,123
Haberland,Lewin,lewin.haberland,123
Haberland,Sebastian,sebastian.haberland,123
Habermann,Hertha,hertha.habermann,123
Hackbarth,Enrico,enrico.hackbarth,123
Hackel,Julia,julia.hackel,123
Hackel,Meike,meike.hackel,123
Hackenberg,Dieter,dieter.hackenberg,123
Hackl,Christoph,christoph.hackl,123
Hackl,Maria,maria.hackl,123
Hackmann,Valentin,valentin.hackmann,123
Haeberle,Kevin,kevin.haeberle,123
Haegele,Annalena,annalena.haegele,123
Haeger,Laurens,laurens.haeger,123
Haehnel,Andreas,andreas.haehnel,123
Haehnel,Antonia,antonia.haehnel,123
Haeussler,Karolina,karolina.haeussler,123
Haeussler,Nelli,nelli.haeussler,123
Haffner,Ann,ann.haffner,123
Haffner,Karlo,karlo.haffner,123
Haffner,Sinah,sinah.haffner,123
Hafner,Jens,jens.hafner,123
Hafner,John,john.hafner,123
Hafner,Lara,lara.hafner,123
Hafner,Lara,lara.hafner2,123
Hafner,Linda,linda.hafner,123
Hage,Noel,noel.hage,123
Hagedorn,Clemens,clemens.hagedorn,123
Hagemann,Tore,tore.hagemann,123
Hager,Emre,emre.hager,123
Hager,Holger,holger.hager,123
Hahn,Marion,marion.hahn,123
Hahn,Silvia,silvia.hahn,123
Haid,Kerstin,kerstin.haid,123
Haid,Victoria,victoria.haid,123
Haid,Waltraut,waltraut.haid,123
Hall,Alyssa,alyssa.hall,123
Haller,Erich,erich.haller,123
Haller,Frederic,frederic.haller,123
Hamann,Elena,elena.hamann,123
Hamann,Laila,laila.hamann,123
Hammer,Christoph,christoph.hammer,123
Hammer,Claas,claas.hammer,123
Hammer,Nina,nina.hammer,123
Hammond,Jette,jette.hammond,123
Hammond,Krista,krista.hammond,123
Hammond,Timm,timm.hammond,123
Hampel,Paula,paula.hampel,123
Hampel,Ruediger,ruediger.hampel,123
Hanisch,Maren,maren.hanisch,123
Hanke,Stephan,stephan.hanke,123
Hans,Lara,lara.hans,123
Hansen,Jolina,jolina.hansen,123
Hanson,Anette,anette.hanson,123
Hanson,Silke,silke.hanson,123
Hansons,Jolina,jolina.hansons,123
Hantke,Andrea,andrea.hantke,123
Hantke,Lucie,lucie.hantke,123
Harder,Carin,carin.harder,123
Harder,Mona,mona.harder,123
Harder,Waltraut,waltraut.harder,123
Hardt,Helmuth,helmuth.hardt,123
Hardt,Leander,leander.hardt,123
Hardt,Phil,phil.hardt,123
Hardy,Samira,samira.hardy,123
Hardy,Sigrid,sigrid.hardy,123
Hardy,Tore,tore.hardy,123
Harmon,Kiara,kiara.harmon,123
Harms,Petra,petra.harms,123
Harms,Victor,victor.harms,123
Harper,André,andre.harper,123
Harrington,Chantale,chantale.harrington,123
Harris,Aaron,aaron.harris,123
Hartl,Alissa,alissa.hartl,123
Hartung,Matthis,matthis.hartung,123
Hartung,Nico,nico.hartung,123
Hartwig,Erika,erika.hartwig,123
Hartwig,Jenny,jenny.hartwig,123
Harvey,Anne,anne.harvey,123
Harvey,Anouk,anouk.harvey,123
Hass,Birgit,birgit.hass,123
Hass,Carolin,carolin.hass,123
Hauser,Angela,angela.hauser,123
Hausmann,Louis,louis.hausmann,123
Hausmann,Rainer,rainer.hausmann,123
Hawkins,Leandro,leandro.hawkins,123
Hawkins,Marius,marius.hawkins,123
Haynes,Britta,britta.haynes,123
Haynes,Fabio,fabio.haynes,123
Haynes,Klaudia,klaudia.haynes,123
Heck,Annabel,annabel.heck,123
Heck,Ulrike,ulrike.heck,123
Heckmann,Karlotta,karlotta.heckmann,123
Heckmann,Matthias,matthias.heckmann,123
Heckmann,Volker,volker.heckmann,123
Hammel,Mona,mona.hammel,123
Heger,Rike,rike.heger,123
Heger,Torsten,torsten.heger,123
Heidemann,Adrian,adrian.heidemann,123
Heidenreich,Markus,markus.heidenreich,123
Heider,Annabelle,annabelle.heider,123
Heider,Niko,niko.heider,123
Heil,Jannik,jannik.heil,123
Heilmann,Lotta,lotta.heilmann,123
Heine,Erika,erika.heine,123
Heinemann,Lena,lena.heinemann,123
Heinemann,Lotta,lotta.heinemann,123
Heinen,Kaja,kaja.heinen,123
Heinrich,Maximilian,maximilian.heinrich,123
Heinrichs,Layla,layla.heinrichs,123
Heinrichs,Linus,linus.heinrichs,123
Heinrichs,Marcus,marcus.heinrichs,123
Heinz,Alexa,alexa.heinz,123
Held,Margot,margot.held,123
Heller,Noel,noel.heller,123
Heller,Stephanie,stephanie.heller,123
Hellmann,Lorena,lorena.hellmann,123
Hellwig,Caja,caja.hellwig,123
Helm,Juri,juri.helm,123
Hempel,Stephanie,stephanie.hempel,123
Henderson,Joelina,joelina.henderson,123
Henke,Annabel,annabel.henke,123
Henke,Svea,svea.henke,123
Hennig,Janne,janne.hennig,123
Henning,Quentin,quentin.henning,123
Henning,Richard,richard.henning,123
Henninger,Kevin,kevin.henninger,123
Henninger,Michel,michel.henninger,123
Hennings,Hannes,hannes.hennings,123
Henrich,Nathalie,nathalie.henrich,123
Henrichs,Nikolas,nikolas.henrichs,123
Henry,Carsten,carsten.henry,123
Henry,Kathrin,kathrin.henry,123
Henschel,Eileen,eileen.henschel,123
Henschel,Heiko,heiko.henschel,123
Henschke,Martina,martina.henschke,123
Hense,Tomas,tomas.hense,123
Hensel,Baerbel,baerbel.hensel,123
Henseler,Erika,erika.henseler,123
Hentschel,Conner,conner.hentschel,123
Hentschel,Wilhelm,wilhelm.hentschel,123
Herb,Christiane,christiane.herb,123
Herb,Mattis,mattis.herb,123
Herber,Luise,luise.herber,123
Herbert,Curt,curt.herbert,123
Herbst,Christian,christian.herbst,123
Herget,Nicolas,nicolas.herget,123
Hering,Jens,jens.hering,123
Hering,Mattis,mattis.hering,123
Hermann,Jessica,jessica.hermann,123
Hernandez,Axel,axel.hernandez,123
Hernandez,Carina,carina.hernandez,123
Herold,Justin,justin.herold,123
Herr,Alyssa,alyssa.herr,123
Herr,Denis,denis.herr,123
Herr,Hendrik,hendrik.herr,123
Herr,Krista,krista.herr,123
Herrera,Bernhard,bernhard.herrera,123
Herrman,Magnus,magnus.herrman,123
Herrmann,Nathalie,nathalie.herrmann,123
Hertel,Maik,maik.hertel,123
Hertel,Wilfried,wilfried.hertel,123
Herter,Clara,clara.herter,123
Herter,Elke,elke.herter,123
Herwig,Alena,alena.herwig,123
Herwig,Samantha,samantha.herwig,123
Herz,Bastian,bastian.herz,123
Herzberg,Margot,margot.herzberg,123
Herzig,Heike,heike.herzig,123
Herzig,Rita,rita.herzig,123
Herzog,Manuel,manuel.herzog,123
Herzog,Thies,thies.herzog,123
Hessel,Annabell,annabell.hessel,123
Hessel,Lilly,lilly.hessel,123
Hessler,Michelle,michelle.hessler,123
Heuser,Bernd,bernd.heuser,123
Heuser,Jana,jana.heuser,123
Hey,Frieda,frieda.hey,123
Heyder,Joachim,joachim.heyder,123
Heyer,Cornelia,cornelia.heyer,123
Heyer,Dirk,dirk.heyer,123
Hicks,Ian,ian.hicks,123
Hicks,Meike,meike.hicks,123
Hicks,Niko,niko.hicks,123
Hielscher,Karoline,karoline.hielscher,123
Hielscher,Lia,lia.hielscher,123
Hilbert,Katharina,katharina.hilbert,123
Hilbert,Pia,pia.hilbert,123
Hilbig,Werner,werner.hilbig,123
Hild,Elke,elke.hild,123
Hild,Fenja,fenja.hild,123
Hildebrandt,Carlotta,carlotta.hildebrandt,123
Hildebrandt,Meike,meike.hildebrandt,123
Hildebrandt,Nicholas,nicholas.hildebrandt,123
Hilger,Denis,denis.hilger,123
Hilger,Stina,stina.hilger,123
Hilgers,Anica,anica.hilgers,123
Hilgers,Christin,christin.hilgers,123
Hilgers,Emilie,emilie.hilgers,123
Hilgers,Herta,herta.hilgers,123
Hilgert,Johannes,johannes.hilgert,123
Hilgert,Ruediger,ruediger.hilgert,123
Hill,Alicia,alicia.hill,123
Hille,Chantal,chantal.hille,123
Hille,Thore,thore.hille,123
Hillebrand,Alissa,alissa.hillebrand,123
Hillebrandt,Stina,stina.hillebrandt,123
Hillen,Paul,paul.hillen,123
Hillenbrand,Doris,doris.hillenbrand,123
Hillenbrand,Jona,jona.hillenbrand,123
Hiller,Kiara,kiara.hiller,123
Hiller,Willy,willy.hiller,123
Hillmann,Helene,helene.hillmann,123
Hillmann,Lina,lina.hillmann,123
Hilmer,Lennard,lennard.hilmer,123
Hilpert,Simon,simon.hilpert,123
Hilscher,Carolina,carolina.hilscher,123
Hilscher,Marcel,marcel.hilscher,123
Hilscher,Maurice,maurice.hilscher,123
Himmel,Anouk,anouk.himmel,123
Himmel,Janis,janis.himmel,123
Himmelsbach,Jakob,jakob.himmelsbach,123
Himmelsbach,Leonard,leonard.himmelsbach,123
Himmelsbach,Luna,luna.himmelsbach,123
Hines,Riccardo,riccardo.hines,123
Hinrichsen,Michel,michel.hinrichsen,123
Hintz,Svea,svea.hintz,123
Hintze,Fenja,fenja.hintze,123
Hintze,Luk,luk.hintze,123
Hinz,Annabelle,annabelle.hinz,123
Hinzmann,Cedric,cedric.hinzmann,123
Hipp,Marah,marah.hipp,123
Hirsch,Erna,erna.hirsch,123
Hirschmann,Mariella,mariella.hirschmann,123
Hirt,Elfriede,elfriede.hirt,123
Hirte,Christoph,christoph.hirte,123
Hirte,Miriam,miriam.hirte,123
Hirth,Jamie,jamie.hirth,123
Hirth,Lena,lena.hirth,123
Hoch,Amelie,amelie.hoch,123
Hock,Yannick,yannick.hock,123
Hoeck,Thomas,thomas.hoeck,123
Hoefer,Conner,conner.hoefer,123
Hoefer,Pascal,pascal.hoefer,123
Hoefer,Torsten,torsten.hoefer,123
Hoehn,Amelie,amelie.hoehn,123
Hoehn,Emilie,emilie.hoehn,123
Hoehn,Jens,jens.hoehn,123
Hoehn,Leah,leah.hoehn,123
Hoehn,Rosemarie,rosemarie.hoehn,123
Hoehn,Thore,thore.hoehn,123
Hoehne,Fabio,fabio.hoehne,123
Hoelscher,Malin,malin.hoelscher,123
Hoermann,Mariella,mariella.hoermann,123
Hof,Miriam,miriam.hof,123
Hof,San,san.hof,123
Hofbauer,Ilse,ilse.hofbauer,123
Hofbauer,Sigrid,sigrid.hofbauer,123
Hofer,Karlotta,karlotta.hofer,123
Hoff,Chantalle,chantalle.hoff,123
Hoff,Leonardo,leonardo.hoff,123
Hoff,Till,till.hoff,123
Hoffmann,Annette,annette.hoffmann,123
Hofmann,Jamie,jamie.hofmann,123
Hofmann,Lucia,lucia.hofmann,123
Hofmann,Viktoria,viktoria.hofmann,123
Hofmeister,Sofie,sofie.hofmeister,123
Hogan,Nathalie,nathalie.hogan,123
Holland,John,john.holland,123
Holloway,Marco,marco.holloway,123
Holmes,Linda,linda.holmes,123
Holmes,Luis,luis.holmes,123
Holmes,Rasmus,rasmus.holmes,123
Holmes,Reinhard,reinhard.holmes,123
Horn,Benedict,benedict.horn,123
Hornung,Denis,denis.hornung,123
Horst,Nico,nico.horst,123
Horst,Vanessa,vanessa.horst,123
Horstmann,Willi,willi.horstmann,123
Horton,Fritz,fritz.horton,123
Houston,Mathis,mathis.houston,123
Houston,Robert,robert.houston,123
Howard,Hannes,hannes.howard,123
Howell,Gudrun,gudrun.howell,123
Hoyer,Erna,erna.hoyer,123
Hubbard,John,john.hubbard,123
Hubbard,Mariella,mariella.hubbard,123
Hubbard,Sofie,sofie.hubbard,123
Huber,Christel,christel.huber,123
Huber,Johann,johann.huber,123
Hudson,Merle,merle.hudson,123
Hudson,Yannik,yannik.hudson,123
Huebner,Mario,mario.huebner,123
Huegel,Lyn,lyn.huegel,123
Huetter,Céline,celine.huetter,123
Huff,Hendrik,hendrik.huff,123
Huff,Pia,pia.huff,123
Hughes,Enno,enno.hughes,123
Hughes,Lina,lina.hughes,123
Hummel,Christine,christine.hummel,123
Hummel,Mona,mona.hummel,123
Hunter,Kaete,kaete.hunter,123
Imhof,Holger,holger.imhof,123
Imhof,Karlotta,karlotta.imhof,123
Imhof,Viktoria,viktoria.imhof,123
Jackson,Conner,conner.jackson,123
Jacob,Luna,luna.jacob,123
Jacobs,Romy,romy.jacobs,123
Jacoby,Astrid,astrid.jacoby,123
Jaeckle,Mathilda,mathilda.jaeckle,123
Jaeger,Gabriel,gabriel.jaeger,123
Jaekel,Jan,jan.jaekel,123
Jaenicke,Luke,luke.jaenicke,123
Jaeschke,Astrid,astrid.jaeschke,123
Jahn,Roman,roman.jahn,123
Jahnke,Louise,louise.jahnke,123
Jahns,Luise,luise.jahns,123
Jakob,Angelina,angelina.jakob,123
Jakobi,Carla,carla.jakobi,123
Jakobi,Claudia,claudia.jakobi,123
Jakobi,Justus,justus.jakobi,123
Jakobs,Hannelore,hannelore.jakobs,123
Jakobs,Janne,janne.jakobs,123
James,Erika,erika.james,123
James,Henry,henry.james,123
Jankowski,Lasse,lasse.jankowski,123
Jankowski,Siegfried,siegfried.jankowski,123
Jansen,Gerhardt,gerhardt.jansen,123
Jansen,Silke,silke.jansen,123
Janson,Elisabeth,elisabeth.janson,123
Janson,Stephan,stephan.janson,123
Janzen,Edith,edith.janzen,123
Janzen,Eva,eva.janzen,123
Janzen,Louis,louis.janzen,123
Janzen,Sinah,sinah.janzen,123
Jaschke,Denise,denise.jaschke,123
Jasper,Valentin,valentin.jasper,123
Jenkins,Julius,julius.jenkins,123
Jenkins,Miguel,miguel.jenkins,123
Jennings,Paula,paula.jennings,123
Jennings,Yannik,yannik.jennings,123
Jimenez,Reinhard,reinhard.jimenez,123
Joerg,Kimberley,kimberley.joerg,123
Joerg,Oskar,oskar.joerg,123
Joerg,Theresa,theresa.joerg,123
John,Leander,leander.john,123
Johnston,Astrid,astrid.johnston,123
Jonas,Ernst,ernst.jonas,123
Jones,Marvin,marvin.jones,123
Jones,René,rene.jones,123
Jones,Till,till.jones,123
Jones,Timon,timon.jones,123
Jordan,Kai,kai.jordan,123
Joseph,Birgit,birgit.joseph,123
Juergens,Lene,lene.juergens,123
Junge,Lewin,lewin.junge,123
Junker,Leandro,leandro.junker,123
Just,Matthias,matthias.just,123
Kaczmarek,Alyssa,alyssa.kaczmarek,123
Kaden,Arthur,arthur.kaden,123
Kaden,Carsten,carsten.kaden,123
Kaden,Phil,phil.kaden,123
Kaefer,Ernst,ernst.kaefer,123
Kaemmerer,Juergen,juergen.kaemmerer,123
Kaemmerer,Siegfried,siegfried.kaemmerer,123
Kaemper,Friedrich,friedrich.kaemper,123
Kaeser,Erna,erna.kaeser,123
Kahle,Chiara,chiara.kahle,123
Kahle,Jule,jule.kahle,123
Kahlert,Leah,leah.kahlert,123
Kahn,André,andre.kahn,123
Kain,Levin,levin.kain,123
Kainz,Viktoria,viktoria.kainz,123
Kaiser,Phillipp,phillipp.kaiser,123
Kalb,Julius,julius.kalb,123
Kalb,Kyra,kyra.kalb,123
Kalb,Lilly,lilly.kalb,123
Kalinowski,Georg,georg.kalinowski,123
Kalisch,Annette,annette.kalisch,123
Kallweit,Kira,kira.kallweit,123
Kaluza,Karl,karl.kaluza,123
Kaluza,Kimberley,kimberley.kaluza,123
Kaluza,Leonard,leonard.kaluza,123
Kaluza,Mirko,mirko.kaluza,123
Kaminski,Fabio,fabio.kaminski,123
Kammerer,Carla,carla.kammerer,123
Kamp,Max,max.kamp,123
Kamp,Olaf,olaf.kamp,123
Kamps,Mathis,mathis.kamps,123
Kania,Amely,amely.kania,123
Kania,Olaf,olaf.kania,123
Kanone,Alena,alena.kanone,123
Kanone,Eva,eva.kanone,123
Kaplan,Christof,christof.kaplan,123
Kaplan,Klemens,klemens.kaplan,123
Kappes,Charlotte,charlotte.kappes,123
Kappes,Karlo,karlo.kappes,123
Kappes,Margarethe,margarethe.kappes,123
Kappes,Yannik,yannik.kappes,123
Kappler,Emilia,emilia.kappler,123
Kappler,John,john.kappler,123
Karcher,Diana,diana.karcher,123
Karcher,Joern,joern.karcher,123
Karcher,Joern,joern.karcher2,123
Karcher,Lucas,lucas.karcher,123
Karcher,Til,til.karcher,123
Karger,Svea,svea.karger,123
Karl,Nelli,nelli.karl,123
Karle,Elisa,elisa.karle,123
Karrer,Marina,marina.karrer,123
Karst,Can,can.karst,123
Karst,Kay,kay.karst,123
Karst,Kim,kim.karst,123
Karsten,Lewin,lewin.karsten,123
Kasper,Henning,henning.kasper,123
Kasper,Phillipp,phillipp.kasper,123
Kassner,Victor,victor.kassner,123
Kast,Luca,luca.kast,123
Kast,Thorsten,thorsten.kast,123
Kastner,Bennett,bennett.kastner,123
Kastner,Kaya,kaya.kastner,123
Kastner,Robin,robin.kastner,123
Kath,Giulia,giulia.kath,123
Kath,Helena,helena.kath,123
Katrin,Phillip,phillip.katrin,123
Katz,Anneke,anneke.katz,123
Katz,Carlotta,carlotta.katz,123
Katz,Jonna,jonna.katz,123
Katz,Sophia,sophia.katz,123
Katzer,Lewin,lewin.katzer,123
Kauffmann,Melanie,melanie.kauffmann,123
Kaufhold,Anneke,anneke.kaufhold,123
Kaufmann,Melissa,melissa.kaufmann,123
Kaul,Chantal,chantal.kaul,123
Kaul,Maren,maren.kaul,123
Kaup,Clara,clara.kaup,123
Kautz,Theo,theo.kautz,123
Kaya,Helmut,helmut.kaya,123
Kayser,Christel,christel.kayser,123
Kayser,Mert,mert.kayser,123
Keck,Mika,mika.keck,123
Kegel,Emilie,emilie.kegel,123
Kehl,Lothar,lothar.kehl,123
Kehl,Mila,mila.kehl,123
Kehl,Ute,ute.kehl,123
Keidel,Finnja,finnja.keidel,123
Keil,Gina,gina.keil,123
Keil,Mario,mario.keil,123
Keim,Jonna,jonna.keim,123
Keiser,Daniel,daniel.keiser,123
Keiser,Emely,emely.keiser,123
Kelley,Giulia,giulia.kelley,123
Kellner,Dennis,dennis.kellner,123
Kelly,Mila,mila.kelly,123
Kelly,Willi,willi.kelly,123
Kelm,Mira,mira.kelm,123
Kemmer,Alisa,alisa.kemmer,123
Kemmer,Leif,leif.kemmer,123
Kemmer,Madeleine,madeleine.kemmer,123
Kemmer,Torben,torben.kemmer,123
Kemmer,Valentin,valentin.kemmer,123
Kemper,Anika,anika.kemper,123
Kemper,Bastian,bastian.kemper,123
Kemper,Collin,collin.kemper,123
Kemper,Mika,mika.kemper,123
Kemper,Mona,mona.kemper,123
Kempf,Christel,christel.kempf,123
Kennedy,Joy,joy.kennedy,123
Kern,Henri,henri.kern,123
Kern,Mandy,mandy.kern,123
Kern,Sebastian,sebastian.kern,123
Kersten,Erik,erik.kersten,123
Kiefer,Berndt,berndt.kiefer,123
Kiefer,Reiner,reiner.kiefer,123
Kieslich,Alyssa,alyssa.kieslich,123
Kieslich,Lorena,lorena.kieslich,123
Kiessling,Lasse,lasse.kiessling,123
Kilian,Elisa,elisa.kilian,123
Kilian,Rolf,rolf.kilian,123
Kim,Cha,cha.kim,123
Kim,Laila,laila.kim,123
King,Elizabeth,elizabeth.king,123
Kirchhoff,Max,max.kirchhoff,123
Kirchner,Herta,herta.kirchner,123
Kirchner,Ian,ian.kirchner,123
Kirschner,Liah,liah.kirschner,123
Klatt,Karsten,karsten.klatt,123
Klatt,Piet,piet.klatt,123
Klaus,Heidi,heidi.klaus,123
Klaus,Jette,jette.klaus,123
Klein,Chantale,chantale.klein,123
Klein,Rike,rike.klein,123
Kleine,Nikolas,nikolas.kleine,123
Kleinert,Fynn,fynn.kleinert,123
Kleinert,Magdalena,magdalena.kleinert,123
Kleinert,Silas,silas.kleinert,123
Kling,Claus,claus.kling,123
Kling,Felicitas,felicitas.kling,123
Klose,Claas,claas.klose,123
Klose,Falk,falk.klose,123
Klose,Joerg,joerg.klose,123
Klug,Lotta,lotta.klug,123
Kluge,Liah,liah.kluge,123
Kluge,Mira,mira.kluge,123
Knapp,Baerbel,baerbel.knapp,123
Knight,Hannelore,hannelore.knight,123
Knoll,Maxim,maxim.knoll,123
Knoll,Rudolf,rudolf.knoll,123
Knorr,Janne,janne.knorr,123
Knorr,Marta,marta.knorr,123
Koehler,Herta,herta.koehler,123
Koehler,Jannick,jannick.koehler,123
Koenig,Kay,kay.koenig,123
Koerber,Judith,judith.koerber,123
Koerner,Carsten,carsten.koerner,123
Koerner,Marvin,marvin.koerner,123
Kohler,Reinhardt,reinhardt.kohler,123
Kohler,Riccardo,riccardo.kohler,123
Kohler,Waltraut,waltraut.kohler,123
Kohn,Marlis,marlis.kohn,123
Kolb,Alena,alena.kolb,123
Kolb,Fenja,fenja.kolb,123
Kolb,Mirco,mirco.kolb,123
Kopp,Eric,eric.kopp,123
Kopp,Maximilian,maximilian.kopp,123
Korn,Michelle,michelle.korn,123
Korte,Patrick,patrick.korte,123
Kowalski,Juli,juli.kowalski,123
Kowalski,Marah,marah.kowalski,123
Kraemer,Klara,klara.kraemer,123
Kramer,Damian,damian.kramer,123
Kramer,Walter,walter.kramer,123
Kranker,Damian,damian.kranker,123
Kranz,Joel,joel.kranz,123
Krause,Frida,frida.krause,123
Krause,Nike,nike.krause,123
Krause,Regina,regina.krause,123
Krauss,Christina,christina.krauss,123
Krebs,Chantall,chantall.krebs,123
Krebs,Max,max.krebs,123
Kremer,Rosemarie,rosemarie.kremer,123
Kremer,Waldtraut,waldtraut.kremer,123
Krenz,Arne,arne.krenz,123
Krenz,Caja,caja.krenz,123
Krenz,Julie,julie.krenz,123
Krenz,Ulrike,ulrike.krenz,123
Kretschmann,Barbara,barbara.kretschmann,123
Kretschmann,Helga,helga.kretschmann,123
Kretschmer,Kjell,kjell.kretschmer,123
Kretz,Niko,niko.kretz,123
Kretz,Susanne,susanne.kretz,123
Kretzer,Manuel,manuel.kretzer,123
Kretzer,Marike,marike.kretzer,123
Kretzschmar,Patrick,patrick.kretzschmar,123
Kretzschmar,Sven,sven.kretzschmar,123
Krey,Dieter,dieter.krey,123
Krey,Noah,noah.krey,123
Krey,Reinhard,reinhard.krey,123
Krieg,Elke,elke.krieg,123
Kriegel,Horst,horst.kriegel,123
Kriegel,Liv,liv.kriegel,123
Krings,Gerd,gerd.krings,123
Krings,Kathrin,kathrin.krings,123
Kroeber,Hertha,hertha.kroeber,123
Kroeber,Marieke,marieke.kroeber,123
Kroell,Benedict,benedict.kroell,123
Kroemer,Meike,meike.kroemer,123
Kroemer,Mike,mike.kroemer,123
Kroemer,Niels,niels.kroemer,123
Kroener,Chiara,chiara.kroener,123
Krohn,Liah,liah.krohn,123
Kroll,Lion,lion.kroll,123
Kromer,Mark,mark.kromer,123
Kromer,Sabine,sabine.kromer,123
Kromer,Torsten,torsten.kromer,123
Kron,Christoph,christoph.kron,123
Kron,Hannah,hannah.kron,123
Kron,Jacob,jacob.kron,123
Krone,Bernhard,bernhard.krone,123
Kropf,Denis,denis.kropf,123
Kropf,Finja,finja.kropf,123
Kropp,Anna,anna.kropp,123
Kropp,Christiane,christiane.kropp,123
Kropp,Falk,falk.kropp,123
Kropp,Sylvia,sylvia.kropp,123
Krueger,Juergen,juergen.krueger,123
Krug,Anika,anika.krug,123
Kruse,Andrea,andrea.kruse,123
Kuehl,Heinrich,heinrich.kuehl,123
Kuehl,Henri,henri.kuehl,123
Kugler,Bastian,bastian.kugler,123
Kugler,Theo,theo.kugler,123
Kuhlmann,Dilara,dilara.kuhlmann,123
Kuehn,Kurt,kurt.kuehn,123
Kuehn,Madeleine,madeleine.kuehn,123
Kuehnel,Lotta,lotta.kuehnel,123
Kuenzel,Bennet,bennet.kuenzel,123
Kuepper,Kilian,kilian.kuepper,123
Kueppers,Conner,conner.kueppers,123
Kueppers,Herbert,herbert.kueppers,123
Kuhn,Emma,emma.kuhn,123
Kuhn,Marko,marko.kuhn,123
Kummer,Irmgard,irmgard.kummer,123
Kunert,Caroline,caroline.kunert,123
Kunert,Filip,filip.kunert,123
Kuntz,Chris,chris.kuntz,123
Kuntz,Gertrud,gertrud.kuntz,123
Kuntz,Stella,stella.kuntz,123
Kunze,Keno,keno.kunze,123
Kurz,Aileen,aileen.kurz,123
Kurz,Hartmut,hartmut.kurz,123
Kurz,Judith,judith.kurz,123
Labyrinth,Janine,janine.labyrinth,123
Labyrinth,Joana,joana.labyrinth,123
Lackner,Yannic,yannic.lackner,123
Ladwig,Justus,justus.ladwig,123
Ladwig,Rainer,rainer.ladwig,123
Lamb,Niklas,niklas.lamb,123
Lamb,Sabrina,sabrina.lamb,123
Lambert,Kjell,kjell.lambert,123
Lamers,Carin,carin.lamers,123
Lamers,Mirco,mirco.lamers,123
Lammers,Nina,nina.lammers,123
Lammert,Janin,janin.lammert,123
Lammert,Paula,paula.lammert,123
Lampe,Jenny,jenny.lampe,123
Lampert,Celina,celina.lampert,123
Lampert,Joshua,joshua.lampert,123
Lampert,Sam,sam.lampert,123
Land,Jeremy,jeremy.land,123
Land,Matthis,matthis.land,123
Landau,Mario,mario.landau,123
Landgraf,Miguel,miguel.landgraf,123
Landgraf,Vincent,vincent.landgraf,123
Landmann,Horst,horst.landmann,123
Landmann,Sofia,sofia.landmann,123
Landwehr,Petra,petra.landwehr,123
Landwirt,Annica,annica.landwirt,123
Landwirt,Nik,nik.landwirt,123
Lane,Chantal,chantal.lane,123
Lane,Diana,diana.lane,123
Lange,Roman,roman.lange,123
Lange,Thorben,thorben.lange,123
Langen,Elke,elke.langen,123
Langenbach,Matthis,matthis.langenbach,123
Langenbach,Melissa,melissa.langenbach,123
Langer,Sabrina,sabrina.langer,123
Langhammer,Dustin,dustin.langhammer,123
Langhans,Enrico,enrico.langhans,123
Langhans,Isabella,isabella.langhans,123
Lapp,Joerg,joerg.lapp,123
Lapp,Zoe,zoe.lapp,123
Larson,Chantale,chantale.larson,123
Larson,Jil,jil.larson,123
Larson,Malte,malte.larson,123
Laskowski,Cathrin,cathrin.laskowski,123
Laskowski,Joana,joana.laskowski,123
Laskowski,Leonard,leonard.laskowski,123
Lau,And,and.lau,123
Lau,Dario,dario.lau,123
Lau,Harald,harald.lau,123
Laub,Jean,jean.laub,123
Laube,Lina,lina.laube,123
Lauer,Aylin,aylin.lauer,123
Launisch,Joelle,joelle.launisch,123
Lauterbach,Romy,romy.lauterbach,123
Lawrence,Matilda,matilda.lawrence,123
Lawson,Jessica,jessica.lawson,123
Lay,Patrik,patrik.lay,123
Lechner,Chantal,chantal.lechner,123
Lechner,Fabio,fabio.lechner,123
Lederer,Alexandra,alexandra.lederer,123
Lehmann,Gisela,gisela.lehmann,123
Lehmann,Rosemarie,rosemarie.lehmann,123
Lehmann,Smilla,smilla.lehmann,123
Lehmkuhl,Annika,annika.lehmkuhl,123
Lehmkuhl,Jessica,jessica.lehmkuhl,123
Lehner,Klemens,klemens.lehner,123
Lehner,Rieke,rieke.lehner,123
Lehner,Victoria,victoria.lehner,123
Lehr,Andre,andre.lehr,123
Lehr,Lieselotte,lieselotte.lehr,123
Leibold,Rosa,rosa.leibold,123
Leibold,Victor,victor.leibold,123
Leng,Jacob,jacob.leng,123
Liebig,Theresa,theresa.liebig,123
Lindemann,Maren,maren.lindemann,123
Lindemann,Nik,nik.lindemann,123
Linder,Joy,joy.linder,123
Linder,Linn,linn.linder,123
Lindner,Claus,claus.lindner,123
Lindsey,Jenny,jenny.lindsey,123
Ling,Josefine,josefine.ling,123
Ling,Laurens,laurens.ling,123
Ling,Luisa,luisa.ling,123
Link,Erwin,erwin.link,123
Link,Mika,mika.link,123
Link,Tom,tom.link,123
Linke,Georg,georg.linke,123
Lippert,Rosa,rosa.lippert,123
Lloyd,Friederike,friederike.lloyd,123
Lloyd,Nelli,nelli.lloyd,123
Loeffler,Alina,alina.loeffler,123
Loeffler,Jakob,jakob.loeffler,123
Loeffler,Jill,jill.loeffler,123
Loeffler,Saskia,saskia.loeffler,123
Loehr,Juri,juri.loehr,123
Loehr,Ullrich,ullrich.loehr,123
Loew,Chantalle,chantalle.loew,123
Loew,Nele,nele.loew,123
Loewe,Hans,hans.loewe,123
Loewe,Yannik,yannik.loewe,123
Lohmeier,Ali,ali.lohmeier,123
Lohmeier,Céline,celine.lohmeier,123
Lohmeier,Chantalle,chantalle.lohmeier,123
Lohmeier,Sofie,sofie.lohmeier,123
Lohmeier,Theresa,theresa.lohmeier,123
Lohr,Jonna,jonna.lohr,123
Lohr,Manuela,manuela.lohr,123
Lohr,Mohammed,mohammed.lohr,123
Lohr,Neele,neele.lohr,123
Long,Lili,lili.long,123
Long,Otto,otto.long,123
Long,Philipp,philipp.long,123
Lopez,Angelika,angelika.lopez,123
Lorenz,Collin,collin.lorenz,123
Love,Frida,frida.love,123
Lowe,Ole,ole.lowe,123
Lucas,Anastasia,anastasia.lucas,123
Ludwig,Karlo,karlo.ludwig,123
Ludwig,Mila,mila.ludwig,123
Lueck,Michelle,michelle.lueck,123
Luecke,Alfred,alfred.luecke,123
Luehrs,Swen,swen.luehrs,123
Lueke,Jannes,jannes.lueke,123
Lueke,Marlis,marlis.lueke,123
Lueth,Annette,annette.lueth,123
Lueth,Swen,swen.lueth,123
Lueth,Till,till.lueth,123
Lukas,Alina,alina.lukas,123
Lukas,Helmut,helmut.lukas,123
Lukas,Madeleine,madeleine.lukas,123
Luna,Horst,horst.luna,123
Luna,Irmgart,irmgart.luna,123
Luna,Leah,leah.luna,123
Lutter,Annette,annette.lutter,123
Lutter,Larissa,larissa.lutter,123
Lutz,Kathrin,kathrin.lutz,123
Lux,Julian,julian.lux,123
Lynchen,Judith,judith.lynchen,123
Lynchen,Viktoria,viktoria.lynchen,123
Maack,Anneliese,anneliese.maack,123
Maack,Lotta,lotta.maack,123
Maass,Kaethe,kaethe.maass,123
Maass,Lili,lili.maass,123
Maass,Lion,lion.maass,123
Maass,Lucia,lucia.maass,123
Mack,Marlon,marlon.mack,123
Mack,Patrik,patrik.mack,123
Mack,Zoé,zoe.mack,123
Maerz,Maike,maike.maerz,123
Mahler,Stefan,stefan.mahler,123
Mahnke,Friedrich,friedrich.mahnke,123
Mahnke,Matthias,matthias.mahnke,123
Mahnke,Tore,tore.mahnke,123
Mai,Gue,gue.mai,123
Maier,Christof,christof.maier,123
Maier,Miriam,miriam.maier,123
Mair,Celine,celine.mair,123
Maisch,Bernhardt,bernhardt.maisch,123
Maisch,Birgit,birgit.maisch,123
Maisch,Yasmin,yasmin.maisch,123
Maldonado,André,andre.maldonado,123
Maldonado,Birgit,birgit.maldonado,123
Malek,Greta,greta.malek,123
Malik,Lisa,lisa.malik,123
Malik,Stephan,stephan.malik,123
Malinowski,Elfriede,elfriede.malinowski,123
Malinowski,Karsten,karsten.malinowski,123
Malone,Christoph,christoph.malone,123
Malone,Daniela,daniela.malone,123
Mandel,Erika,erika.mandel,123
Mandel,Lennox,lennox.mandel,123
Mang,Frederic,frederic.mang,123
Mang,Pia,pia.mang,123
Mangold,Stephan,stephan.mangold,123
Manke,Viktor,viktor.manke,123
Manning,Marta,marta.manning,123
Manns,Noah,noah.manns,123
Manns,Raphael,raphael.manns,123
Manske,Lyn,lyn.manske,123
Manske,Thore,thore.manske,123
Mantel,Matthis,matthis.mantel,123
Mantel,Rieke,rieke.mantel,123
Mantel,Sylvia,sylvia.mantel,123
Manthey,Lana,lana.manthey,123
Manz,Magnus,magnus.manz,123
Markert,Anette,anette.markert,123
Markert,Janis,janis.markert,123
Markmann,Louis,louis.markmann,123
Marks,Lea,lea.marks,123
Marks,Lyn,lyn.marks,123
Marks,Manuela,manuela.marks,123
Markus,Mike,mike.markus,123
Marquardt,Daniela,daniela.marquardt,123
Marquart,Chantalle,chantalle.marquart,123
Marschall,Matthias,matthias.marschall,123
Marschner,Chantal,chantal.marschner,123
Marsh,Werner,werner.marsh,123
Marten,Christina,christina.marten,123
Marten,Rebekka,rebekka.marten,123
Martens,Dilara,dilara.martens,123
Martens,Kjell,kjell.martens,123
Martens,Margarete,margarete.martens,123
Martin,Matthies,matthies.martin,123
Martin,Willi,willi.martin,123
Martina,Erika,erika.martina,123
Martinez,Alena,alena.martinez,123
Martinez,Christopher,christopher.martinez,123
Martini,Annette,annette.martini,123
Marx,Felix,felix.marx,123
Massey,Celina,celina.massey,123
Matthes,Alissa,alissa.matthes,123
Matthes,Bernhard,bernhard.matthes,123
Maxwell,Friederike,friederike.maxwell,123
Maxwell,Herbert,herbert.maxwell,123
May,Anette,anette.may,123
May,Claas,claas.may,123
May,Jan,jan.may,123
May,Sina,sina.may,123
Mayer,Ann,ann.mayer,123
Mayer,Ferdinand,ferdinand.mayer,123
McBride,Liam,liam.mcbride,123
McCormick,Elisabeth,elisabeth.mccormick,123
McCoy,Neele,neele.mccoy,123
McDaniel,Joerg,joerg.mcdaniel,123
McGee,Alisa,alisa.mcgee,123
McGuire,Caja,caja.mcguire,123
McGuire,Laurin,laurin.mcguire,123
McGuire,Ronja,ronja.mcguire,123
McLaughlin,Christel,christel.mclaughlin,123
Meier,Isabelle,isabelle.meier,123
Meier,Walther,walther.meier,123
Meilen,Ronja,ronja.meilen,123
Meissner,Jannis,jannis.meissner,123
Meister,Jannes,jannes.meister,123
Meister,Sabrina,sabrina.meister,123
Mendez,Anton,anton.mendez,123
Mendez,David,david.mendez,123
Mendez,Klara,klara.mendez,123
Menke,Jona,jona.menke,123
Menke,Lucie,lucie.menke,123
Menke,Sigrid,sigrid.menke,123
Merk,Horst,horst.merk,123
Merkel,Melanie,melanie.merkel,123
Mertens,Falk,falk.mertens,123
Mertens,Otto,otto.mertens,123
Mertens,Yannic,yannic.mertens,123
Metz,Rosemarie,rosemarie.metz,123
Metzner,Dominic,dominic.metzner,123
Meurer,Chantal,chantal.meurer,123
Meurer,Friedrich,friedrich.meurer,123
Meurer,Lilian,lilian.meurer,123
Meyer,Enrico,enrico.meyer,123
Michael,Lasse,lasse.michael,123
Michaelis,Fabio,fabio.michaelis,123
Michaelis,Lynn,lynn.michaelis,123
Michaelis,Nora,nora.michaelis,123
Michaelis,Rosa,rosa.michaelis,123
Michaelis,Selin,selin.michaelis,123
Michel,Florian,florian.michel,123
Michels,Marten,marten.michels,123
Michels,Sylvia,sylvia.michels,123
Miles,Luka,luka.miles,123
Miller,Edith,edith.miller,123
Mills,Ferdinand,ferdinand.mills,123
Mills,Franz,franz.mills,123
Mills,Mila,mila.mills,123
Mitchell,Axel,axel.mitchell,123
Moeller,Niklas,niklas.moeller,123
Moeller,Swenja,swenja.moeller,123
Moers,Tabea,tabea.moers,123
Moessner,Marcus,marcus.moessner,123
Moessner,Michel,michel.moessner,123
Mohr,Nelli,nelli.mohr,123
Moll,Fynn,fynn.moll,123
Moll,Gerd,gerd.moll,123
Montgomery,Marcel,marcel.montgomery,123
Moody,Eileen,eileen.moody,123
Moody,Sascha,sascha.moody,123
Moore,Anette,anette.moore,123
Moore,Chantal,chantal.moore,123
Moore,Henry,henry.moore,123
Moos,Annette,annette.moos,123
Moos,David,david.moos,123
Moosmann,Thorben,thorben.moosmann,123
Morales,Carlo,carlo.morales,123
Morales,Jeremie,jeremie.morales,123
Moreno,Malte,malte.moreno,123
Morgenroth,Henrik,henrik.morgenroth,123
Morgenroth,Johann,johann.morgenroth,123
Morgenstern,Mareike,mareike.morgenstern,123
Morton,Klaas,klaas.morton,123
Mosch,Carlotta,carlotta.mosch,123
Mosch,Laurens,laurens.mosch,123
Moss,Luise,luise.moss,123
Moss,Nora,nora.moss,123
Motz,Franz,franz.motz,123
Mucha,Benjamin,benjamin.mucha,123
Mucha,Helga,helga.mucha,123
Mueck,Jannick,jannick.mueck,123
Muehl,Ingeborg,ingeborg.muehl,123
Muehl,Milan,milan.muehl,123
Muehl,Monica,monica.muehl,123
Muehl,Svea,svea.muehl,123
Mueller,Franziska,franziska.mueller,123
Muench,Marlis,marlis.muench,123
Muendel,Anabel,anabel.muendel,123
Muenster,Gerhardt,gerhardt.muenster,123
Muenstermann,Richard,richard.muenstermann,123
Muhr,Jean,jean.muhr,123
Muller,Ferdinand,ferdinand.muller,123
Muller,Fritz,fritz.muller,123
Mund,Laurin,laurin.mund,123
Mundt,Herta,herta.mundt,123
Mundt,Joerg,joerg.mundt,123
Mundt,Madeleine,madeleine.mundt,123
Mundt,Maren,maren.mundt,123
Munk,Benjamin,benjamin.munk,123
Munk,Jannik,jannik.munk,123
Munoz,Manuel,manuel.munoz,123
Munz,Emmely,emmely.munz,123
Murphy,Lili,lili.murphy,123
Murphy,Niklas,niklas.murphy,123
Murphy,Sophia,sophia.murphy,123
Murray,Hendrik,hendrik.murray,123
Murray,Till,till.murray,123
Musiol,Katja,katja.musiol,123
Musiol,Lilian,lilian.musiol,123
Musiol,Rafael,rafael.musiol,123
Musiol,Viktoria,viktoria.musiol,123
Muth,Dieter,dieter.muth,123
Mutz,Jutta,jutta.mutz,123
Naber,Maren,maren.naber,123
Naber,Milena,milena.naber,123
Naber,Patrik,patrik.naber,123
Naber,Rita,rita.naber,123
Nachtigall,Aaron,aaron.nachtigall,123
Naegele,Isabelle,isabelle.naegele,123
Naegele,Mert,mert.naegele,123
Nagel,Bernhardt,bernhardt.nagel,123
Nagel,Jaqueline,jaqueline.nagel,123
Nagler,Konstantin,konstantin.nagler,123
Nash,Luc,luc.nash,123
Naujoks,Artur,artur.naujoks,123
Neal,Carolin,carolin.neal,123
Neal,Jonna,jonna.neal,123
Neal,Leandra,leandra.neal,123
Nebel,Jeremie,jeremie.nebel,123
Nebel,Juergen,juergen.nebel,123
Neef,Emely,emely.neef,123
Neef,Eva,eva.neef,123
Neef,Jamie,jamie.neef,123
Neitzel,Claas,claas.neitzel,123
Neitzel,Tom,tom.neitzel,123
Nell,Henri,henri.nell,123
Nestler,Leif,leif.nestler,123
Neu,Sara,sara.neu,123
Neubauer,Leonard,leonard.neubauer,123
Neubauer,Piet,piet.neubauer,123
Neuber,Anneke,anneke.neuber,123
Neuber,Renate,renate.neuber,123
Neuber,Rudolf,rudolf.neuber,123
Neuberger,Lasse,lasse.neuberger,123
Neubert,Anton,anton.neubert,123
Neugebauer,Doris,doris.neugebauer,123
Neugebauer,Joana,joana.neugebauer,123
Neuhaus,Janik,janik.neuhaus,123
Neuhaus,Johannes,johannes.neuhaus,123
Neuhaus,Otto,otto.neuhaus,123
Neumann,Rudolph,rudolph.neumann,123
Newman,Mathis,mathis.newman,123
Newton,Carlo,carlo.newton,123
Newton,Sam,sam.newton,123
Nichols,Cathrin,cathrin.nichols,123
Nichols,Jil,jil.nichols,123
Niemann,Anna,anna.niemann,123
Nitsche,Alexa,alexa.nitsche,123
Nitsche,Daniel,daniel.nitsche,123
Nitschke,Fritz,fritz.nitschke,123
Nitschke,Nik,nik.nitschke,123
Nitschke,Teresa,teresa.nitschke,123
Nober,Milena,milena.nober,123
Noetzel,Ida,ida.noetzel,123
Noetzel,Matilda,matilda.noetzel,123
Noll,Elena,elena.noll,123
Noll,Nikolas,nikolas.noll,123
Nolte,Fabio,fabio.nolte,123
Nolte,Karsten,karsten.nolte,123
Normann,Anastasia,anastasia.normann,123
Normann,Hanna,hanna.normann,123
Norton,Manuel,manuel.norton,123
Nowak,Jean,jean.nowak,123
Nowak,Jonas,jonas.nowak,123
Nowak,Lea,lea.nowak,123
Nowak,Susanne,susanne.nowak,123
Oberlaender,Kaya,kaya.oberlaender,123
Oberlaender,Lilly,lilly.oberlaender,123
Oberlaender,Milan,milan.oberlaender,123
Oberlaender,Piet,piet.oberlaender,123
Oberle,Chiara,chiara.oberle,123
Oberle,Emelie,emelie.oberle,123
Obermaier,Jeremie,jeremie.obermaier,123
Obermaier,Laurin,laurin.obermaier,123
Obermeier,Chiara,chiara.obermeier,123
Obermeier,Emma,emma.obermeier,123
O'Brien,Claus,claus.o'brien,123
O'Brien,Pia,pia.o'brien,123
Ochsen,Kai,kai.ochsen,123
Odenthal,Leoni,leoni.odenthal,123
Odenthal,Melissa,melissa.odenthal,123
oestreich,Ingeborg,ingeborg.oestreich,123
Offermann,Yannic,yannic.offermann,123
Oliver,Denis,denis.oliver,123
Olson,Dominik,dominik.olson,123
Olson,Nikolas,nikolas.olson,123
Opitz,Ricardo,ricardo.opitz,123
Oppermann,Dennis,dennis.oppermann,123
Ortega,Meik,meik.ortega,123
Ortiz,Lilly,lilly.ortiz,123
Osborne,Cornelia,cornelia.osborne,123
Osborne,Danny,danny.osborne,123
Ostermann,Luise,luise.ostermann,123
Ostermann,Sandra,sandra.ostermann,123
Ostrowski,Dario,dario.ostrowski,123
Ostrowski,Nelly,nelly.ostrowski,123
Ott,Linn,linn.ott,123
Otte,Katja,katja.otte,123
Otten,Jonathan,jonathan.otten,123
Otten,Sabine,sabine.otten,123
Otten,Timon,timon.otten,123
Otterbach,Jonas,jonas.otterbach,123
Otterbach,Kira,kira.otterbach,123
Otto,Bennet,bennet.otto,123
Otto,Milan,milan.otto,123
Overbeck,Milan,milan.overbeck,123
Owen,Merle,merle.owen,123
Owens,Bernd,bernd.owens,123
Owens,Colin,colin.owens,123
Owens,Inga,inga.owens,123
Pabst,Berndt,berndt.pabst,123
Pabst,Brigitte,brigitte.pabst,123
Pabst,Heike,heike.pabst,123
Pabst,Katrin,katrin.pabst,123
Paetzold,Anja,anja.paetzold,123
Page,Carla,carla.page,123
Page,Friederike,friederike.page,123
Page,Krista,krista.page,123
Pagel,Janina,janina.pagel,123
Pahlke,Uwe,uwe.pahlke,123
Palm,Leonard,leonard.palm,123
Palmer,Silas,silas.palmer,123
Panzer,Leonie,leonie.panzer,123
Papst,Anneliese,anneliese.papst,123
Park,Vivien,vivien.park,123
Parks,Luc,luc.parks,123
Parsons,Franziska,franziska.parsons,123
Parsons,Laurenz,laurenz.parsons,123
Pasch,Jannick,jannick.pasch,123
Pasch,Sabine,sabine.pasch,123
Patrick,Giulia,giulia.patrick,123
Patrick,Madita,madita.patrick,123
Patterson,Johann,johann.patterson,123
Patzelt,Bruno,bruno.patzelt,123
Patzelt,Tim,tim.patzelt,123
Paul,Anneliese,anneliese.paul,123
Paul,Joshua,joshua.paul,123
Pauli,Manuela,manuela.pauli,123
Pauli,Mert,mert.pauli,123
Pauli,Vivienne,vivienne.pauli,123
Pauls,Jennifer,jennifer.pauls,123
Pauly,Jonathan,jonathan.pauly,123
Pausch,Amely,amely.pausch,123
Pausch,Niels,niels.pausch,123
Pech,André,andre.pech,123
Pech,Marah,marah.pech,123
Pecher,Maximilian,maximilian.pecher,123
Peetz,Bennet,bennet.peetz,123
Peetz,Romy,romy.peetz,123
Peitz,Justin,justin.peitz,123
Pelz,Georg,georg.pelz,123
Pelz,Kathrin,kathrin.pelz,123
Pelzer,Maximilian,maximilian.pelzer,123
Pena,Johann,johann.pena,123
Penner,Karina,karina.penner,123
Perry,Annabel,annabel.perry,123
Person,Tristan,tristan.person,123
Pesch,Jannik,jannik.pesch,123
Peschel,Miriam,miriam.peschel,123
Peschke,Angelina,angelina.peschke,123
Peschke,Janne,janne.peschke,123
Peschke,Silas,silas.peschke,123
Petermann,Martina,martina.petermann,123
Peters,Liah,liah.peters,123
Petersen,Alena,alena.petersen,123
Petersen,Henri,henri.petersen,123
Petry,Klara,klara.petry,123
Petzold,Klara,klara.petzold,123
Pfaff,Christa,christa.pfaff,123
Pfaff,Nic,nic.pfaff,123
Pfaffer,Lilly,lilly.pfaffer,123
Pfeffer,Lilly,lilly.pfeffer,123
Pfeffer,Maren,maren.pfeffer,123
Pfeffer,Melvin,melvin.pfeffer,123
Pfeifer,Lorena,lorena.pfeifer,123
Pfeilmacher,Greta,greta.pfeilmacher,123
Pfister,Isabelle,isabelle.pfister,123
Pfister,Marcus,marcus.pfister,123
Phelps,Kathrin,kathrin.phelps,123
Phelps,Lucia,lucia.phelps,123
Philipp,Herbert,herbert.philipp,123
Phillips,Daniela,daniela.phillips,123
Phillips,Maja,maja.phillips,123
Pierce,Collin,collin.pierce,123
Pierce,Kjell,kjell.pierce,123
Pilz,Antje,antje.pilz,123
Pilz,Gerda,gerda.pilz,123
Pittman,Alisa,alisa.pittman,123
Pittman,Edith,edith.pittman,123
Pittman,Laura,laura.pittman,123
Pohlmann,Emil,emil.pohlmann,123
Pope,Henrik,henrik.pope,123
Pope,Ivonne,ivonne.pope,123
Popp,Erich,erich.popp,123
Popp,Heidi,heidi.popp,123
Porter,Ulrike,ulrike.porter,123
Potter,Kian,kian.potter,123
Powell,Detlev,detlev.powell,123
Powell,Emma,emma.powell,123
Powell,Rafael,rafael.powell,123
Powell,Timm,timm.powell,123
Pratt,Heike,heike.pratt,123
Preiss,Collin,collin.preiss,123
Preuss,Jannis,jannis.preuss,123
Price,Emre,emre.price,123
Price,Jette,jette.price,123
Price,John,john.price,123
Price,Lars,lars.price,123
Price,Maike,maike.price,123
Prinz,Richard,richard.prinz,123
Prinz,Sinah,sinah.prinz,123
Probst,Annica,annica.probst,123
Probst,Janne,janne.probst,123
Pross,Til,til.pross,123
Provinzial,Lynn,lynn.provinzial,123
Pueschel,Marius,marius.pueschel,123
Puetz,Ida,ida.puetz,123
Pusch,Jacob,jacob.pusch,123
Puschmann,Claas,claas.puschmann,123
Puschmann,Stefanie,stefanie.puschmann,123
Putz,Annabelle,annabelle.putz,123
Putz,Hertha,hertha.putz,123
Putz,Joelle,joelle.putz,123
Putz,Sebastian,sebastian.putz,123
Quandt,Kristian,kristian.quandt,123
Quinn,Lia,lia.quinn,123
Raab,Hannah,hannah.raab,123
Raab,Jeremy,jeremy.raab,123
Raab,Laurin,laurin.raab,123
Raab,Peter,peter.raab,123
Raab,Roman,roman.raab,123
Rabe,Yannis,yannis.rabe,123
Rach,Yannick,yannick.rach,123
Rack,Sascha,sascha.rack,123
Rademacher,Linus,linus.rademacher,123
Rademacher,Marianne,marianne.rademacher,123
Radermacher,Helena,helena.radermacher,123
Radermacher,Manfred,manfred.radermacher,123
Radermacher,Tom,tom.radermacher,123
Radtke,Denis,denis.radtke,123
Raeder,Fiona,fiona.raeder,123
Raeder,Peter,peter.raeder,123
Rahn,Raphael,raphael.rahn,123
Rainer,Leoni,leoni.rainer,123
Raith,Jenny,jenny.raith,123
Ralf,Zoé,zoe.ralf,123
Ramirez,Diana,diana.ramirez,123
Ramirez,Luka,luka.ramirez,123
Ramsey,Astrid,astrid.ramsey,123
Ramsey,Chiara,chiara.ramsey,123
Ranft,Jamie,jamie.ranft,123
Ranft,Kaethe,kaethe.ranft,123
Ranft,Lennard,lennard.ranft,123
Rank,Erna,erna.rank,123
Rank,Laurin,laurin.rank,123
Rank,Peter,peter.rank,123
Rasch,Klara,klara.rasch,123
Rasch,Rebecca,rebecca.rasch,123
Rasche,Elke,elke.rasche,123
Rasche,Manfred,manfred.rasche,123
Raschke,Franz,franz.raschke,123
Ratz,Florian,florian.ratz,123
Rau,Otto,otto.rau,123
Rauch,Frank,frank.rauch,123
Rauch,Nadine,nadine.rauch,123
Rauh,Enrico,enrico.rauh,123
Rauscher,Rolf,rolf.rauscher,123
Rautenberg,Chiara,chiara.rautenberg,123
Rech,Linn,linn.rech,123
Reed,Phil,phil.reed,123
Reese,Diana,diana.reese,123
Reese,Stina,stina.reese,123
Reeves,Emely,emely.reeves,123
Rehm,Ivonne,ivonne.rehm,123
Rehm,Saskia,saskia.rehm,123
Reichelt,Liah,liah.reichelt,123
Reichelt,Malte,malte.reichelt,123
Reichert,Christoph,christoph.reichert,123
Reichert,Conner,conner.reichert,123
Reichert,Julie,julie.reichert,123
Reichert,Vanessa,vanessa.reichert,123
Reif,Alisa,alisa.reif,123
Reif,Ferdinand,ferdinand.reif,123
Reiff,Angelina,angelina.reiff,123
Reiff,Ingeborg,ingeborg.reiff,123
Reiff,Juri,juri.reiff,123
Reim,Patrik,patrik.reim,123
Reimann,Sebastian,sebastian.reimann,123
Reimann,Tabea,tabea.reimann,123
Reimer,Alicia,alicia.reimer,123
Reimer,Bernhard,bernhard.reimer,123
Reimer,Fabian,fabian.reimer,123
Reimer,Tobias,tobias.reimer,123
Reimer,Tore,tore.reimer,123
Reimers,Xenia,xenia.reimers,123
Rein,Felix,felix.rein,123
Rein,Manuela,manuela.rein,123
Rein,Sandra,sandra.rein,123
Reinartz,Eric,eric.reinartz,123
Reinartz,Hertha,hertha.reinartz,123
Reinartz,Petra,petra.reinartz,123
Reinders,Juergen,juergen.reinders,123
Reineke,Irmgart,irmgart.reineke,123
Reineke,Marike,marike.reineke,123
Reinelt,Sven,sven.reinelt,123
Reiners,Berndt,berndt.reiners,123
Reiners,Olivia,olivia.reiners,123
Reiners,Rudolph,rudolph.reiners,123
Reinhard,Janine,janine.reinhard,123
Reinhard,Justin,justin.reinhard,123
Reinhardt,Emilia,emilia.reinhardt,123
Reinhardt,Fenja,fenja.reinhardt,123
Reinhart,Hannah,hannah.reinhart,123
Reinhart,Niels,niels.reinhart,123
Reinhart,Viktoria,viktoria.reinhart,123
Reinhold,Mandy,mandy.reinhold,123
Reinicke,Diana,diana.reinicke,123
Reinicke,Katja,katja.reinicke,123
Reinicke,Nik,nik.reinicke,123
Reinke,Marta,marta.reinke,123
Reinke,Mirko,mirko.reinke,123
Reinsch,Carlotta,carlotta.reinsch,123
Reisch,Anika,anika.reisch,123
Reischl,Dieter,dieter.reischl,123
Reischl,Hannah,hannah.reischl,123
Reischl,Mirco,mirco.reischl,123
Reisinger,Lothar,lothar.reisinger,123
Reisinger,Lucia,lucia.reisinger,123
Reisser,Guenther,guenther.reisser,123
Reissmann,Gert,gert.reissmann,123
Reiter,Erika,erika.reiter,123
Reitmeier,Henrik,henrik.reitmeier,123
Remondis,Felicitas,felicitas.remondis,123
Remondis,Sonja,sonja.remondis,123
Renate,Jessica,jessica.renate,123
Renate,Selina,selina.renate,123
Renate,Stina,stina.renate,123
Renner,Mirko,mirko.renner,123
Renner,Monica,monica.renner,123
Rentsch,Klemens,klemens.rentsch,123
Rentsch,Samantha,samantha.rentsch,123
Rentschler,Helga,helga.rentschler,123
Renz,Elisabeth,elisabeth.renz,123
Resch,Karina,karina.resch,123
Rettig,Isabell,isabell.rettig,123
Retzlaff,Gert,gert.retzlaff,123
Reusch,Hildegard,hildegard.reusch,123
Reuss,Niclas,niclas.reuss,123
Reuther,Frederik,frederik.reuther,123
Reuther,Maria,maria.reuther,123
Reutter,Joel,joel.reutter,123
Rex,Ruth,ruth.rex,123
Reyes,Tara,tara.reyes,123
Rhein,Lucy,lucy.rhein,123
Rhein,Teresa,teresa.rhein,123
Rhodes,Kaya,kaya.rhodes,123
Rhodes,René,rene.rhodes,123
Rice,Lennox,lennox.rice,123
Ricer,Lennox,lennox.ricer,123
Richardson,Cornelia,cornelia.richardson,123
Richardson,Oskar,oskar.richardson,123
Riedl,Klaus,klaus.riedl,123
Rieger,Marah,marah.rieger,123
Ries,Charlotte,charlotte.ries,123
Ries,Janne,janne.ries,123
Riley,Marlies,marlies.riley,123
Rios,Annabel,annabel.rios,123
Ritter,Kaja,kaja.ritter,123
Robbins,Fabian,fabian.robbins,123
Roberts,Andreas,andreas.roberts,123
Robertson,Andrea,andrea.robertson,123
Robinson,Sarah,sarah.robinson,123
Rode,Maik,maik.rode,123
Rode,Sophia,sophia.rode,123
Rodgers,Amely,amely.rodgers,123
Rodriguez,Birgit,birgit.rodriguez,123
Rodriguez,Friederike,friederike.rodriguez,123
Rodriguez,Janine,janine.rodriguez,123
Rodriguez,Marvin,marvin.rodriguez,123
Rodriquez,Gabriele,gabriele.rodriquez,123
Rodriquez,Jakob,jakob.rodriquez,123
Rodriquez,Leif,leif.rodriquez,123
Rodriquez,Robin,robin.rodriquez,123
Roehrig,Arne,arne.roehrig,123
Roemer,Michel,michel.roemer,123
Roesch,Marlon,marlon.roesch,123
Roesner,Berndt,berndt.roesner,123
Roesner,Karl,karl.roesner,123
Roesner,Philip,philip.roesner,123
Roesner,Ruth,ruth.roesner,123
Roessler,Ingo,ingo.roessler,123
Roessler,Janina,janina.roessler,123
Roessler,Kaethe,kaethe.roessler,123
Roessler,Luc,luc.roessler,123
Rogers,Hannelore,hannelore.rogers,123
Rogers,Inga,inga.rogers,123
Rogers,Laila,laila.rogers,123
Romero,Daniel,daniel.romero,123
Roos,Mareike,mareike.roos,123
Rose,Elke,elke.rose,123
Rose,Frieda,frieda.rose,123
Rosenberger,Ali,ali.rosenberger,123
Rosenberger,Fynn,fynn.rosenberger,123
Rosenkranz,Dagmar,dagmar.rosenkranz,123
Rosenthal,Bruno,bruno.rosenthal,123
Ross,Rieke,rieke.ross,123
Rothe,Ian,ian.rothe,123
Rother,Marten,marten.rother,123
Rother,Rita,rita.rother,123
Rowe,Hanna,hanna.rowe,123
Rudolph,Conner,conner.rudolph,123
Rudolph,Keno,keno.rudolph,123
Ruehl,Bernt,bernt.ruehl,123
Ruf,Luka,luka.ruf,123
Ruf,Lyn,lyn.ruf,123
Ruiz,Andreas,andreas.ruiz,123
Runge,Heinrich,heinrich.runge,123
Runge,Kian,kian.runge,123
Ruppert,Jannes,jannes.ruppert,123
Rupprecht,Anika,anika.rupprecht,123
Rupprecht,Thomas,thomas.rupprecht,123
Russell,Silas,silas.russell,123
Ryan,Fynn,fynn.ryan,123
Saal,Jasmin,jasmin.saal,123
Saal,Matthias,matthias.saal,123
Saalmann,Kira,kira.saalmann,123
Sacher,Justin,justin.sacher,123
Sacher,Norbert,norbert.sacher,123
Sachs,Ida,ida.sachs,123
Sack,Marius,marius.sack,123
Sager,Larissa,larissa.sager,123
Sahin,Emilie,emilie.sahin,123
Sahin,Maria,maria.sahin,123
Sailer,Eileen,eileen.sailer,123
Sailer,Hans,hans.sailer,123
Salazar,Alisa,alisa.salazar,123
Salazar,Horst,horst.salazar,123
Salazar,Maike,maike.salazar,123
Salewski,Karla,karla.salewski,123
Salewski,Mohammed,mohammed.salewski,123
Salewski,Samuel,samuel.salewski,123
Salewski,Stefanie,stefanie.salewski,123
Salomon,Bernhardt,bernhardt.salomon,123
Salon,Paula,paula.salon,123
Sander,Anja,anja.sander,123
Sander,Jamie,jamie.sander,123
Sander,Reinhard,reinhard.sander,123
Sandoval,Selina,selina.sandoval,123
Sandra,Constantin,constantin.sandra,123
Sandra,Kaya,kaya.sandra,123
Sandra,Phillipp,phillipp.sandra,123
Santos,Smilla,smilla.santos,123
Sasse,Erich,erich.sasse,123
Sasse,Marc,marc.sasse,123
Sattler,Giulia,giulia.sattler,123
Sauermann,Jenny,jenny.sauermann,123
Sauermann,Kaja,kaja.sauermann,123
Saul,Ole,ole.saul,123
Saul,Renate,renate.saul,123
Saunders,Frida,frida.saunders,123
Saunders,Waltraut,waltraut.saunders,123
Saupe,Inga,inga.saupe,123
Saupe,Lewin,lewin.saupe,123
Sauter,Bernhard,bernhard.sauter,123
Sauter,Dominic,dominic.sauter,123
Sautter,Henrik,henrik.sautter,123
Sautter,Luc,luc.sautter,123
Sautter,Yasmin,yasmin.sautter,123
Schaaf,Christa,christa.schaaf,123
Schaaf,Joachim,joachim.schaaf,123
Schaal,Jamie,jamie.schaal,123
Schaal,Kimberly,kimberly.schaal,123
Schacht,Elisabeth,elisabeth.schacht,123
Schacht,Kirsten,kirsten.schacht,123
Schade,Maxim,maxim.schade,123
Schaedler,Maxim,maxim.schaedler,123
Schaefer,Jutta,jutta.schaefer,123
Schaefer,Ronja,ronja.schaefer,123
Schaefers,Colin,colin.schaefers,123
Schaeffer,Johannes,johannes.schaeffer,123
Schaeffler,Christin,christin.schaeffler,123
Schaf,Celina,celina.schaf,123
Schaf,Enrico,enrico.schaf,123
Schaf,Rasmus,rasmus.schaf,123
Schaf,Vincent,vincent.schaf,123
Schaffer,Hertha,hertha.schaffer,123
Schaffer,Markus,markus.schaffer,123
Schaffer,Walther,walther.schaffer,123
Schaffner,Walther,walther.schaffner,123
Schaffrath,Samantha,samantha.schaffrath,123
Schaible,Rieke,rieke.schaible,123
Schalk,Viktoria,viktoria.schalk,123
Schaller,Xenia,xenia.schaller,123
Schanz,Jamie,jamie.schanz,123
Schanz,Matti,matti.schanz,123
Schardt,Hertha,hertha.schardt,123
Schatz,Harald,harald.schatz,123
Schatz,Maik,maik.schatz,123
Schatz,Mirko,mirko.schatz,123
Schaub,Detlef,detlef.schaub,123
Schaub,Guenter,guenter.schaub,123
Schaub,Leon,leon.schaub,123
Schauer,Michelle,michelle.schauer,123
Schaumann,Klaas,klaas.schaumann,123
Schaumann,Sinah,sinah.schaumann,123
Scheel,Tanja,tanja.scheel,123
Scheel,Yvonne,yvonne.scheel,123
Scheer,Helmut,helmut.scheer,123
Scheer,Judith,judith.scheer,123
Scheer,Maria,maria.scheer,123
Scheerer,Marvin,marvin.scheerer,123
Schell,Mathis,mathis.schell,123
Schell,Merle,merle.schell,123
Scheller,Kjell,kjell.scheller,123
Schick,Anne,anne.schick,123
Schick,Anne,anne.schick2,123
Schick,Claudia,claudia.schick,123
Schick,Erika,erika.schick,123
Schick,Joachim,joachim.schick,123
Schick,Lucy,lucy.schick,123
Schiffer,Christoph,christoph.schiffer,123
Schiller,Kristine,kristine.schiller,123
Schindler,Rebekka,rebekka.schindler,123
Schirmer,Viktoria,viktoria.schirmer,123
Schlegel,David,david.schlegel,123
Schleicher,Matthis,matthis.schleicher,123
Schmidt,Liv,liv.schmidt,123
Schmidt,Nadin,nadin.schmidt,123
Schmied,Jamie,jamie.schmied,123
Schmied,Markus,markus.schmied,123
Schmied,Sven,sven.schmied,123
Schmit,Klemens,klemens.schmit,123
Schmitz,Jean,jean.schmitz,123
Schmuck,Jaqueline,jaqueline.schmuck,123
Schnabel,Fenja,fenja.schnabel,123
Schneider,Mattis,mattis.schneider,123
Schneider,Sam,sam.schneider,123
Schnell,Celina,celina.schnell,123
Schnell,Michelle,michelle.schnell,123
Schnell,Tobias,tobias.schnell,123
Schnitzler,Hertha,hertha.schnitzler,123
Schober,Sigrid,sigrid.schober,123
Schoen,Jeremie,jeremie.schoen,123
Schoen,Karsten,karsten.schoen,123
Schoen,Maren,maren.schoen,123
Schoenfeld,Bernt,bernt.schoenfeld,123
Schoenfeld,Kaete,kaete.schoenfeld,123
Schoenfeld,Mona,mona.schoenfeld,123
Scholl,Lewin,lewin.scholl,123
Scholz,Petra,petra.scholz,123
Schott,Erica,erica.schott,123
Schott,Isabell,isabell.schott,123
Schrader,Leandra,leandra.schrader,123
Schrader,Liam,liam.schrader,123
Schrader,Romy,romy.schrader,123
Schrader,Uwe,uwe.schrader,123
Schramm,Danny,danny.schramm,123
Schramm,Ingrid,ingrid.schramm,123
Schramm,Laurin,laurin.schramm,123
Schreiber,Dennis,dennis.schreiber,123
Schreiber,Inga,inga.schreiber,123
Schreiber,Silas,silas.schreiber,123
Schreier,Andrea,andrea.schreier,123
Schreiner,Karlotta,karlotta.schreiner,123
Schroeter,Helena,helena.schroeter,123
Schubert,Lars,lars.schubert,123
Schubert,Rafael,rafael.schubert,123
Schubert,Rasmus,rasmus.schubert,123
Schueler,Jeremy,jeremy.schueler,123
Schueler,Jonah,jonah.schueler,123
Schuermann,Helene,helene.schuermann,123
Schuessler,Jonah,jonah.schuessler,123
Schuessler,Maurice,maurice.schuessler,123
Schuette,Lili,lili.schuette,123
Schuetz,Mats,mats.schuetz,123
Schuetz,Ruediger,ruediger.schuetz,123
Schuetz,Timon,timon.schuetz,123
Schuetze,René,rene.schuetze,123
Schuetze,Thorsten,thorsten.schuetze,123
Schuh,Carlotta,carlotta.schuh,123
Schuh,Sabrina,sabrina.schuh,123
Schuhmacher,Kay,kay.schuhmacher,123
Schuhmacher,Maximilian,maximilian.schuhmacher,123
Schuhmacher,Nadine,nadine.schuhmacher,123
Schuhmann,Aileen,aileen.schuhmann,123
Schulte,Annette,annette.schulte,123
Schultz,Carolina,carolina.schultz,123
Schultze,Emely,emely.schultze,123
Schulze,Caja,caja.schulze,123
Schulze,Timon,timon.schulze,123
Schumacher,Linda,linda.schumacher,123
Schumacher,Phil,phil.schumacher,123
Schuster,Katharina,katharina.schuster,123
Schuster,Niclas,niclas.schuster,123
Schwab,Jakob,jakob.schwab,123
Schwabe,Lina,lina.schwabe,123
Schwabe,Sylvia,sylvia.schwabe,123
Schwager,Anneke,anneke.schwager,123
Schwager,Birgit,birgit.schwager,123
Schwager,Chiara,chiara.schwager,123
Schwager,Tabea,tabea.schwager,123
Schwaiger,Annabell,annabell.schwaiger,123
Schwalbe,Dagmar,dagmar.schwalbe,123
Schwalm,Georg,georg.schwalm,123
Schwan,Jil,jil.schwan,123
Schwanke,Maxim,maxim.schwanke,123
Schwartz,Tomas,tomas.schwartz,123
Schwarz,Carin,carin.schwarz,123
Schwarzbach,Torsten,torsten.schwarzbach,123
Schwarze,Nicole,nicole.schwarze,123
Schweers,Lasse,lasse.schweers,123
Schweers,Reinhard,reinhard.schweers,123
Schwegler,Chiara,chiara.schwegler,123
Schwegler,Helene,helene.schwegler,123
Schweiger,Carlotta,carlotta.schweiger,123
Schweiger,Luis,luis.schweiger,123
Schweikert,Henriette,henriette.schweikert,123
Schweikert,Jeremy,jeremy.schweikert,123
Schweikert,Marvin,marvin.schweikert,123
Schweitzer,Cornelia,cornelia.schweitzer,123
Schweitzer,Florian,florian.schweitzer,123
Schweitzer,Linus,linus.schweitzer,123
Schweizer,Joerg,joerg.schweizer,123
Schwenke,Charlotte,charlotte.schwenke,123
Schwenke,Kristian,kristian.schwenke,123
Schwer,Paulina,paulina.schwer,123
Schwerdtfeger,Jenny,jenny.schwerdtfeger,123
Schwindt,Bettina,bettina.schwindt,123
Schwindt,Giulia,giulia.schwindt,123
Schwindt,Gudrun,gudrun.schwindt,123
Schwinn,Sophie,sophie.schwinn,123
Schwoerer,Jennifer,jennifer.schwoerer,123
Schwoerer,Rudolf,rudolf.schwoerer,123
Sedlmeier,Rasmus,rasmus.sedlmeier,123
Seeber,Gerhardt,gerhardt.seeber,123
Seeber,Henri,henri.seeber,123
Seeberger,Martin,martin.seeberger,123
Seeger,Anne,anne.seeger,123
Seeger,Marcel,marcel.seeger,123
Seel,Julian,julian.seel,123
Seel,Leander,leander.seel,123
Seemann,Herbert,herbert.seemann,123
Seemann,Mina,mina.seemann,123
Seewald,Detlev,detlev.seewald,123
Seger,Ferdinand,ferdinand.seger,123
Seger,Marlis,marlis.seger,123
Seibel,Holger,holger.seibel,123
Seibel,Kristin,kristin.seibel,123
Seibel,Michel,michel.seibel,123
Seibert,Hermann,hermann.seibert,123
Seibold,Kathrin,kathrin.seibold,123
Seibold,Nik,nik.seibold,123
Seibold,Reinhard,reinhard.seibold,123
Seidel,Ella,ella.seidel,123
Seidel,Kaethe,kaethe.seidel,123
Seidel,Kristof,kristof.seidel,123
Seidl,Ferdinand,ferdinand.seidl,123
Seidl,Mads,mads.seidl,123
Seidler,Joel,joel.seidler,123
Seiffert,Christof,christof.seiffert,123
Seiffert,Marta,marta.seiffert,123
Seiffert,Yannik,yannik.seiffert,123
Seifried,Klaas,klaas.seifried,123
Seiler,Kian,kian.seiler,123
Seite,Jannick,jannick.seite,123
Seite,Kerstin,kerstin.seite,123
Seite,Robert,robert.seite,123
Seitz,Marike,marike.seitz,123
Seitz,Sara,sara.seitz,123
Selig,Detlev,detlev.selig,123
Seliger,Sandra,sandra.seliger,123
Sell,Luke,luke.sell,123
Sell,Maike,maike.sell,123
Sell,Yasmin,yasmin.sell,123
Selle,Lorenz,lorenz.selle,123
Selzer,Fritz,fritz.selzer,123
Semmler,Fabio,fabio.semmler,123
Semmler,Ruben,ruben.semmler,123
Senger,Anastasia,anastasia.senger,123
Senger,Ronja,ronja.senger,123
Senioren,Jacqueline,jacqueline.senioren,123
Senioren,Marah,marah.senioren,123
Senioren,Yvonne,yvonne.senioren,123
Seybold,Luis,luis.seybold,123
Sharp,Fabienne,fabienne.sharp,123
Sharp,Silas,silas.sharp,123
Shaw,Christopher,christopher.shaw,123
Shaw,Samira,samira.shaw,123
Shelton,Eva,eva.shelton,123
Sherman,Bjarne,bjarne.sherman,123
Sherman,Franziska,franziska.sherman,123
Sieben,Josefine,josefine.sieben,123
Sieben,Swenja,swenja.sieben,123
Sieber,Vanessa,vanessa.sieber,123
Siebert,Jamie,jamie.siebert,123
Siebert,Marah,marah.siebert,123
Sieg,Inga,inga.sieg,123
Sieg,Rolf,rolf.sieg,123
Siegel,Chantal,chantal.siegel,123
Sieger,Diana,diana.sieger,123
Siegert,Patrik,patrik.siegert,123
Siegl,Bernd,bernd.siegl,123
Siegle,Walther,walther.siegle,123
Siegmann,Nic,nic.siegmann,123
Siegmann,Valentin,valentin.siegmann,123
Siekmann,Marie,marie.siekmann,123
Siemer,Gertrud,gertrud.siemer,123
Siemer,Matthis,matthis.siemer,123
Siemer,Mila,mila.siemer,123
Siems,Cornelia,cornelia.siems,123
Sievers,Bjarne,bjarne.sievers,123
Sievers,Marlis,marlis.sievers,123
Sievert,Bennett,bennett.sievert,123
Sievert,Fiona,fiona.sievert,123
Siewert,Celine,celine.siewert,123
Siewert,Sophia,sophia.siewert,123
Siewert,Thore,thore.siewert,123
Sigmund,Jens,jens.sigmund,123
Sigmund,Leoni,leoni.sigmund,123
Silva,Colin,colin.silva,123
Silva,Lina,lina.silva,123
Simmons,Andrea,andrea.simmons,123
Simmons,Ina,ina.simmons,123
Simmons,Marlies,marlies.simmons,123
Simmons,Miguel,miguel.simmons,123
Simon,Karlotta,karlotta.simon,123
Simons,Carolina,carolina.simons,123
Simons,Erica,erica.simons,123
Simpson,Konstantin,konstantin.simpson,123
Sims,Chantall,chantall.sims,123
Singh,Leandra,leandra.singh,123
Singh,Thomas,thomas.singh,123
Sinn,Lukas,lukas.sinn,123
Sippel,Yannik,yannik.sippel,123
Six,Nina,nina.six,123
Smith,Quentin,quentin.smith,123
Smith,Rainer,rainer.smith,123
Snyder,Benjamin,benjamin.snyder,123
Sohn,Smilla,smilla.sohn,123
Sommerfeld,Aleyna,aleyna.sommerfeld,123
Sommerfeld,Benedikt,benedikt.sommerfeld,123
Sommerfeld,Yannis,yannis.sommerfeld,123
Sondermann,Aaron,aaron.sondermann,123
Sondermann,Noah,noah.sondermann,123
Sonne,Ian,ian.sonne,123
Sonnenberg,Ernst,ernst.sonnenberg,123
Sonnenberg,Helene,helene.sonnenberg,123
Sonnenberg,Michel,michel.sonnenberg,123
Sonntag,Richard,richard.sonntag,123
Soto,Justus,justus.soto,123
Soto,Kathrin,kathrin.soto,123
Soto,Ronja,ronja.soto,123
Spaeth,Joern,joern.spaeth,123
Spahn,Bennett,bennett.spahn,123
Spang,Magdalena,magdalena.spang,123
Spang,Nelly,nelly.spang,123
Sperling,Anna,anna.sperling,123
Sperling,Joerg,joerg.sperling,123
Sperling,Kai,kai.sperling,123
Sperling,Mira,mira.sperling,123
Spies,Tanja,tanja.spies,123
Spiess,Felicitas,felicitas.spiess,123
Spindler,Kira,kira.spindler,123
Spindler,Niclas,niclas.spindler,123
Sprenger,Meike,meike.sprenger,123
Spur,Celina,celina.spur,123
Spur,Mia,mia.spur,123
Stadler,Axel,axel.stadler,123
Stadler,Helga,helga.stadler,123
Stadler,Lorena,lorena.stadler,123
Stahl,Cedric,cedric.stahl,123
Stahl,Elfriede,elfriede.stahl,123
Stahl,Fenja,fenja.stahl,123
Stahlgruber,Mario,mario.stahlgruber,123
Stange,Jonna,jonna.stange,123
Stange,Jutta,jutta.stange,123
Stanley,Kira,kira.stanley,123
Stanley,Matti,matti.stanley,123
Stark,Rolf,rolf.stark,123
Starke,Carin,carin.starke,123
Steele,Isabell,isabell.steele,123
Steele,Matti,matti.steele,123
Steele,Mila,mila.steele,123
Steele,René,rene.steele,123
Stefan,Annika,annika.stefan,123
Stefan,Waldtraut,waldtraut.stefan,123
Steffen,David,david.steffen,123
Steffens,Kristina,kristina.steffens,123
Stein,Patrik,patrik.stein,123
Steinbach,Helene,helene.steinbach,123
Steinke,Hertha,hertha.steinke,123
Steinke,Jacqueline,jacqueline.steinke,123
Steinke,Jeremy,jeremy.steinke,123
Steinke,Quentin,quentin.steinke,123
Steinke,Ralph,ralph.steinke,123
Steinker,Jeremy,jeremy.steinker,123
Stephens,Milan,milan.stephens,123
Stern,Jonna,jonna.stern,123
Steuermann,Rudolf,rudolf.steuermann,123
Stevenson,Kristina,kristina.stevenson,123
Stiehler,Richard,richard.stiehler,123
Stiller,Johanna,johanna.stiller,123
Stiller,Mats,mats.stiller,123
Stock,Kai,kai.stock,123
Stock,Michael,michael.stock,123
Stock,Paula,paula.stock,123
Stoehr,Justin,justin.stoehr,123
Stokes,Damian,damian.stokes,123
Stokes,Karlo,karlo.stokes,123
Stoll,Luis,luis.stoll,123
Stolz,Carina,carina.stolz,123
Stolz,Joelina,joelina.stolz,123
Stone,Karin,karin.stone,123
Strahl,Kristine,kristine.strahl,123
Strahl,Nina,nina.strahl,123
Strahl,Selin,selin.strahl,123
Strasser,Juergen,juergen.strasser,123
Strauch,Antonia,antonia.strauch,123
Strickland,Caja,caja.strickland,123
Strickland,Kirsten,kirsten.strickland,123
Strobel,Silke,silke.strobel,123
Struck,Marianne,marianne.struck,123
Struck,Silvia,silvia.struck,123
Sturm,Helene,helene.sturm,123
Sturm,Inge,inge.sturm,123
Sullivan,Mara,mara.sullivan,123
Summers,Gertrud,gertrud.summers,123
Summers,Lena,lena.summers,123
Sutton,Collin,collin.sutton,123
Sutton,Karl,karl.sutton,123
Swanson,Erich,erich.swanson,123
Tacke,Christiane,christiane.tacke,123
Tag,Tore,tore.tag,123
Tamm,Malin,malin.tamm,123
Tappe,Berndt,berndt.tappe,123
Tappe,Zoé,zoe.tappe,123
Tate,Rolf,rolf.tate,123
Taube,Bernhardt,bernhardt.taube,123
Tauber,Collin,collin.tauber,123
Tauber,Marcel,marcel.tauber,123
Tauber,Natalie,natalie.tauber,123
Taubert,Eileen,eileen.taubert,123
Taubert,Hildegard,hildegard.taubert,123
Taylor,Maike,maike.taylor,123
Tegtmeier,Carlotta,carlotta.tegtmeier,123
Tegtmeier,Muhammed,muhammed.tegtmeier,123
Teichert,Helmuth,helmuth.teichert,123
Teichert,Mathies,mathies.teichert,123
Tekin,Rosemarie,rosemarie.tekin,123
Temme,Ingo,ingo.temme,123
Temme,Ulrich,ulrich.temme,123
Tempel,Philip,philip.tempel,123
Ternes,Nikolas,nikolas.ternes,123
Terry,Lewin,lewin.terry,123
Terry,Luke,luke.terry,123
Terry,Maike,maike.terry,123
Terry,Swen,swen.terry,123
Teschner,Kiara,kiara.teschner,123
Teske,Maya,maya.teske,123
Tetzlaff,Mila,mila.tetzlaff,123
Teuber,Inge,inge.teuber,123
Teuber,Karoline,karoline.teuber,123
Teuber,Leif,leif.teuber,123
Teuber,Leon,leon.teuber,123
Tews,Max,max.tews,123
Thaler,Jonna,jonna.thaler,123
Thaler,Klaus,klaus.thaler,123
Theis,Mandy,mandy.theis,123
Theis,Moritz,moritz.theis,123
Theis,Walther,walther.theis,123
Thelen,Paula,paula.thelen,123
Thelen,Romy,romy.thelen,123
Thiel,Rafael,rafael.thiel,123
Thiele,Raphael,raphael.thiele,123
Thiele,Thorben,thorben.thiele,123
Thieme,Hannelore,hannelore.thieme,123
Thies,Svea,svea.thies,123
Thoma,Bettina,bettina.thoma,123
Thomsen,Matteo,matteo.thomsen,123
Thornton,Mathies,mathies.thornton,123
Tillmann,Melvin,melvin.tillmann,123
Tischler,Luc,luc.tischler,123
Tischler,Tom,tom.tischler,123
Todd,Mirko,mirko.todd,123
Toelle,Hannelore,hannelore.toelle,123
Toelle,Samira,samira.toelle,123
Toennies,Jesse,jesse.toennies,123
Toennies,Leonardo,leonardo.toennies,123
Toennies,Mattis,mattis.toennies,123
Toepfer,Yannik,yannik.toepfer,123
Townsend,Adrian,adrian.townsend,123
Trapp,Enno,enno.trapp,123
Trapp,Kristina,kristina.trapp,123
Traut,Cornelia,cornelia.traut,123
Traut,Eric,eric.traut,123
Trautmann,Margarete,margarete.trautmann,123
Triebel,Finnja,finnja.triebel,123
Troeger,Franziska,franziska.troeger,123
Troeger,Lili,lili.troeger,123
Trost,Alissa,alissa.trost,123
Trost,Mathias,mathias.trost,123
Trost,Pauline,pauline.trost,123
Tucker,Mathias,mathias.tucker,123
Turner,Joerg,joerg.turner,123
Tyler,Julie,julie.tyler,123
Tyler,Volker,volker.tyler,123
Ufer,Kiara,kiara.ufer,123
Ufer,Malin,malin.ufer,123
Ufer,Tristan,tristan.ufer,123
Uhl,Alisa,alisa.uhl,123
Uhl,Kar,kar.uhl,123
Uhl,Kristine,kristine.uhl,123
Uhlemann,Jennifer,jennifer.uhlemann,123
Uhlemann,Jule,jule.uhlemann,123
Uhrig,Oscar,oscar.uhrig,123
Ulbrich,Vincent,vincent.ulbrich,123
Ulbrich,Werner,werner.ulbrich,123
Ullmann,Anthony,anthony.ullmann,123
Ullmann,Keno,keno.ullmann,123
Ulrich,Antje,antje.ulrich,123
Underwood,Katharina,katharina.underwood,123
Unger,Henry,henry.unger,123
Urban,Johann,johann.urban,123
Valdez,Hermann,hermann.valdez,123
Valdez,Johanna,johanna.valdez,123
Valdez,Michel,michel.valdez,123
Vargas,Louisa,louisa.vargas,123
Vatter,Juli,juli.vatter,123
Vaughn,Claudia,claudia.vaughn,123
Vaupel,Gabriele,gabriele.vaupel,123
Vaupel,Linn,linn.vaupel,123
Vaupel,Ulrich,ulrich.vaupel,123
Vedes,Clemens,clemens.vedes,123
Vega,Samuel,samuel.vega,123
Veit,Meike,meike.veit,123
Versatel,Aaron,aaron.versatel,123
Versatel,Amelie,amelie.versatel,123
Versatel,Niels,niels.versatel,123
Vetter,Liam,liam.vetter,123
Vetter,Matthis,matthis.vetter,123
Vetter,Sarah,sarah.vetter,123
Viessmann,Reinhardt,reinhardt.viessmann,123
Vogl,Bernd,bernd.vogl,123
Vogt,Frederic,frederic.vogt,123
Voigt,Karin,karin.voigt,123
Voigt,Kevin,kevin.voigt,123
Voigt,Marianne,marianne.voigt,123
Vollmer,Kristian,kristian.vollmer,123
Volz,Eric,eric.volz,123
Voss,Carsten,carsten.voss,123
Voss,Otto,otto.voss,123
Wachsmuth,Jona,jona.wachsmuth,123
Wachsmuth,Konstantin,konstantin.wachsmuth,123
Wachter,Alex,alex.wachter,123
Wacker,Angela,angela.wacker,123
Wade,Nikolas,nikolas.wade,123
Waechter,Katharina,katharina.waechter,123
Wagenknecht,Mareike,mareike.wagenknecht,123
Wagner,Enno,enno.wagner,123
Wagner,Roman,roman.wagner,123
Wahl,Carolin,carolin.wahl,123
Wahl,Dana,dana.wahl,123
Wahl,Felicitas,felicitas.wahl,123
Wald,Friederike,friederike.wald,123
Wald,Kurt,kurt.wald,123
Wald,Mattis,mattis.wald,123
Waldhaus,Viktoria,viktoria.waldhaus,123
Waldmann,Stephan,stephan.waldmann,123
Walker,Till,till.walker,123
Wall,Michael,michael.wall,123
Waller,Robin,robin.waller,123
Waller,Willi,willi.waller,123
Waller,Zoe,zoe.waller,123
Wallner,Noah,noah.wallner,123
Walmer,Noah,noah.walmer,123
Walter,Julian,julian.walter,123
Wanderer,Danny,danny.wanderer,123
Wanner,Marlon,marlon.wanner,123
Warnecke,Cornelia,cornelia.warnecke,123
Warneke,Elias,elias.warneke,123
Warneke,Mirko,mirko.warneke,123
Warnke,Emelie,emelie.warnke,123
Warnke,Heinz,heinz.warnke,123
Washington,Noel,noel.washington,123
Wassermann,Kevin,kevin.wassermann,123
Wassmann,Rasmus,rasmus.wassmann,123
Waten,Luc,luc.waten,123
Waters,Yasmin,yasmin.waters,123
Watkins,Liam,liam.watkins,123
Watson,Jasper,jasper.watson,123
Watson,Luke,luke.watson,123
Watson,Marten,marten.watson,123
Watts,Jonna,jonna.watts,123
Watts,Melvin,melvin.watts,123
Weaver,Dustin,dustin.weaver,123
Weaver,Liv,liv.weaver,123
Webb,Hendrik,hendrik.webb,123
Webb,Kjell,kjell.webb,123
Wecker,Lucia,lucia.wecker,123
Wecker,Meik,meik.wecker,123
Wedel,Mohamed,mohamed.wedel,123
Wedemeyer,Johann,johann.wedemeyer,123
Wege,Baerbel,baerbel.wege,123
Wegener,Detlef,detlef.wegener,123
Wegener,Mario,mario.wegener,123
Weger,Laurenz,laurenz.weger,123
Wegner,Katja,katja.wegner,123
Wehner,Lothar,lothar.wehner,123
Wehner,Margot,margot.wehner,123
Wehr,Aileen,aileen.wehr,123
Wehr,Carolin,carolin.wehr,123
Wehr,Gerda,gerda.wehr,123
Wehrmann,Frederic,frederic.wehrmann,123
Wehrmann,Lea,lea.wehrmann,123
Weichert,Roman,roman.weichert,123
Weichert,Waltraud,waltraud.weichert,123
Weide,Bjoern,bjoern.weide,123
Weigel,Ben,ben.weigel,123
Weigel,Jessika,jessika.weigel,123
Weigel,Otto,otto.weigel,123
Weiler,Phillip,phillip.weiler,123
Weinmann,Guenter,guenter.weinmann,123
Weise,Nils,nils.weise,123
Weise,Ralph,ralph.weise,123
Weiß,Christel,christel.weiss,123
Welch,Ursula,ursula.welch,123
Wells,Anne,anne.wells,123
Wells,Dominik,dominik.wells,123
Wells,Petra,petra.wells,123
Wenig,Anja,anja.wenig,123
Wenig,Oliver,oliver.wenig,123
Wenig,Waldtraut,waldtraut.wenig,123
Wenzel,Matteo,matteo.wenzel,123
Wessel,Janik,janik.wessel,123
Westphal,Johann,johann.westphal,123
Wetzel,Jette,jette.wetzel,123
White,Dustin,dustin.white,123
Wichmann,Kristina,kristina.wichmann,123
Widmann,Janina,janina.widmann,123
Wieczorek,Baerbel,baerbel.wieczorek,123
Wiegand,Carolin,carolin.wiegand,123
Wiegand,Larissa,larissa.wiegand,123
Wienand,Benjamin,benjamin.wienand,123
Wienecke,Chantall,chantall.wienecke,123
Wienecke,Eric,eric.wienecke,123
Wienecke,Fritz,fritz.wienecke,123
Wienecke,Konstantin,konstantin.wienecke,123
Wiener,Nils,nils.wiener,123
Wiener,Yannis,yannis.wiener,123
Wieser,Bernt,bernt.wieser,123
Wieser,Klara,klara.wieser,123
Wieser,Lisa,lisa.wieser,123
Wiesmann,Lynn,lynn.wiesmann,123
Wiesner,Justus,justus.wiesner,123
Wiesner,Marcel,marcel.wiesner,123
Wiesner,Martha,martha.wiesner,123
Wiesner,Rebekka,rebekka.wiesner,123
Wiesner,Vanessa,vanessa.wiesner,123
Wild,Mads,mads.wild,123
Wilde,Thore,thore.wilde,123
Wilhelm,Erika,erika.wilhelm,123
Wilhelmi,Jeremy,jeremy.wilhelmi,123
Wilhelmi,Rebekka,rebekka.wilhelmi,123
Wilhelms,Lion,lion.wilhelms,123
Wilk,Charlotte,charlotte.wilk,123
Wilk,Christin,christin.wilk,123
Wilk,Fynn,fynn.wilk,123
Wilk,Janis,janis.wilk,123
Wilke,Heiko,heiko.wilke,123
Wilkerson,Josefine,josefine.wilkerson,123
Wille,Fritz,fritz.wille,123
Wille,Kristin,kristin.wille,123
Wille,Uwe,uwe.wille,123
Willems,Leandra,leandra.willems,123
Willer,Leandra,leandra.willer,123
Willer,Rike,rike.willer,123
Williamson,Volker,volker.williamson,123
Willis,Gabriele,gabriele.willis,123
Wimmer,Lia,lia.wimmer,123
Wink,Carolin,carolin.wink,123
Wink,Norbert,norbert.wink,123
Winkelmann,Rainer,rainer.winkelmann,123
Winkler,Svea,svea.winkler,123
Winter,Emilie,emilie.winter,123
Wirth,Joana,joana.wirth,123
Wirtz,Hanna,hanna.wirtz,123
Wise,Christine,christine.wise,123
Wise,Laila,laila.wise,123
Witt,Antje,antje.witt,123
Witte,Ben,ben.witte,123
Witte,Malte,malte.witte,123
Wittig,Georg,georg.wittig,123
Wittig,René,rene.wittig,123
Wittig,Timm,timm.wittig,123
Wittmann,Maya,maya.wittmann,123
Wittmann,Robert,robert.wittmann,123
Woerner,Mira,mira.woerner,123
Wolf,Andre,andre.wolf,123
Wolf,Brigitte,brigitte.wolf,123
Wolfe,Herta,herta.wolfe,123
Wolff,Dagmar,dagmar.wolff,123
Wolter,Benjamin,benjamin.wolter,123
Wolter,Norbert,norbert.wolter,123
Wolters,Niklas,niklas.wolters,123
Wong,Louis,louis.wong,123
Wong,Ursula,ursula.wong,123
Wood,Kathrin,kathrin.wood,123
Wulf,Erich,erich.wulf,123
Yildirim,Jaqueline,jaqueline.yildirim,123
Yildirim,Johann,johann.yildirim,123
Yildirim,Klaus,klaus.yildirim,123
Yildiz,Leander,leander.yildiz,123
Yildiz,Mathis,mathis.yildiz,123
Young,Cedrik,cedrik.young,123
Young,Elias,elias.young,123
Young,Levin,levin.young,123
Zabel,Laurin,laurin.zabel,123
Zach,Malte,malte.zach,123
Zacharias,Ricardo,ricardo.zacharias,123
Zacher,Kristine,kristine.zacher,123
Zacher,Nick,nick.zacher,123
Zapf,Vivien,vivien.zapf,123
Zeh,Werner,werner.zeh,123
Zeiler,Bennet,bennet.zeiler,123
Zeiler,Fiona,fiona.zeiler,123
Zeiler,Jakob,jakob.zeiler,123
Zeitler,Margot,margot.zeitler,123
Zeitz,Matteo,matteo.zeitz,123
Zeitz,Yannick,yannick.zeitz,123
Zell,Sophie,sophie.zell,123
Zeller,Nadine,nadine.zeller,123
Zellner,Gabriel,gabriel.zellner,123
Zellner,Harald,harald.zellner,123
Zellner,Xenia,xenia.zellner,123
Ziemann,Diana,diana.ziemann,123
Ziemann,Merle,merle.ziemann,123
Ziemer,Otto,otto.ziemer,123
Ziller,Leo,leo.ziller,123
Zimmer,Samuel,samuel.zimmer,123
Zimmerer,Jana,jana.zimmerer,123
Zimmerer,Klemens,klemens.zimmerer,123
Zimmerer,Marlis,marlis.zimmerer,123
Zimmerer,Martin,martin.zimmerer,123
Zimmerman,Fabio,fabio.zimmerman,123
Zimmermann,Karoline,karoline.zimmermann,123
Zimmermann,Moritz,moritz.zimmermann,123
Zinke,Alfred,alfred.zinke,123
Zinn,Barbara,barbara.zinn,123
Zoeller,Luisa,luisa.zoeller,123
Zoeller,Monica,monica.zoeller,123
Zorn,Jesse,jesse.zorn,123
Zorn,Kai,kai.zorn,123
Zorn,Luc,luc.zorn,123
Zorn,Regina,regina.zorn,123
Zuschuss,Joern,joern.zuschuss,123
